epoch,learning_rate,train_loss,train_energy_loss,train_qm_force_loss,train_mm_force_loss,train_energy_mae_kcal_mol,train_energy_rmse_kcal_mol,train_qm_force_mae_kcal_mol_a,train_qm_force_rmse_kcal_mol_a,train_mm_force_mae_kcal_mol_a,train_mm_force_rmse_kcal_mol_a,val_loss,val_energy_loss,val_qm_force_loss,val_mm_force_loss,val_energy_mae_kcal_mol,val_energy_rmse_kcal_mol,val_qm_force_mae_kcal_mol_a,val_qm_force_rmse_kcal_mol_a,val_mm_force_mae_kcal_mol_a,val_mm_force_rmse_kcal_mol_a
1,0.0005,2.0707949413404685,1.4198673774066066,0.5497535437259203,0.10117402020794151,9.093914282623542,11.163464249527081,4.55561374216987,7.28127334440898,0.008071507436693043,0.10272883748933065,2.1226964771271946,1.4675090906023212,0.5574838264145916,0.09770356011028151,9.236817888230112,11.328240099459272,4.5782785549044105,7.306679928531631,0.007964269688074154,0.10438581753191603
2,0.0005,1.734231602822846,1.088153097935085,0.5470919225772719,0.09898658231048917,7.8580130116031,9.505708241823818,4.537447926032197,7.264012727283621,0.00822522902539519,0.10172122412577034,1.943817652983309,1.292881746657699,0.551690339408208,0.09924556691740229,8.609114882744816,10.471277196155638,4.55210129865439,7.254470163768032,0.008939395179565945,0.10403818280513563
3,0.0005,1.697860189241079,1.0548894960110837,0.5406062221143714,0.10236447111562356,7.686530050955291,9.361885436241977,4.507166472389245,7.203674157846923,0.009928629245714346,0.10352899528379296,1.770590974646998,1.1267000389336406,0.5457844570295107,0.09810647868384699,7.811975031843425,9.754853705865596,4.521423614238582,7.208975406732051,0.010593835873181395,0.10857245369666754
4,0.0005,1.642158651067895,1.012479634127464,0.5289149646516474,0.10076405228878337,7.394904824332704,9.16049138010152,4.455088203266883,7.097091126491468,0.011180063788468262,0.10164713125788663,1.7565568142657717,1.127654930954547,0.5319084451988151,0.09699343811240971,7.814580887064316,9.742144373378911,4.459077539356346,7.07832688523785,0.011342483362816668,0.09728613928910747
5,0.0005,1.5238027020738398,0.9042720733089246,0.517742566605799,0.10178806215911652,7.058371116373656,8.609081161275672,4.405590627170344,6.986695271725679,0.011918775391521272,0.10020879272001505,1.5318469853244088,0.9164503197809969,0.5104639631128429,0.10493270243056879,7.077708559889413,8.68098056768714,4.37487556561805,6.8618122911267845,0.012891767112243716,0.10403916675718182
6,0.0005,1.3883613420362473,0.7802196609377829,0.5014079020382032,0.10673377906026067,6.473893872047185,7.949410794238252,4.33424450216613,6.823605597061798,0.01362993066997403,0.10089357622776611,1.5005205015677734,0.9034006075024802,0.48647500273447464,0.11064489133081862,6.948100110284968,8.61068147268419,4.272931394947214,6.639355600714856,0.015493100165731636,0.10043839659196843
7,0.0005,1.3343030635047988,0.7526194946645153,0.4612614212759854,0.12042214756429799,6.279395374287974,7.815930988923231,4.168064318827394,6.460389882643792,0.0171046636789559,0.10409014862335748,1.4964297298043103,0.9225265194611674,0.44753903666810096,0.1263641736750419,6.980037069566582,8.745074004520843,4.114720043558535,6.2880830463330835,0.018546346503620848,0.1049550715293733
8,0.0005,1.2540430056533702,0.691049911516362,0.43765250467098854,0.12534058946601967,5.994080736914281,7.481572851300861,4.066961706913264,6.23022899294494,0.01827588404460793,0.10321670788611442,1.2963610140440804,0.7532036595703491,0.42114587271677995,0.12201148175695145,6.307061292586093,7.811574072783819,4.007922708371432,6.04103083715075,0.017610162339914442,0.10341880770925757
9,0.0005,1.150502368004798,0.6161147449470555,0.41255250739229704,0.1218351156654454,5.625998577486425,7.046026039421242,3.966660115434172,5.996290831781352,0.017124439243934392,0.10289089765809725,1.2799568957476817,0.7542518174381684,0.40678613633363886,0.11891894197587426,6.296810711954912,7.84414059251477,3.9492825658284847,5.908627161691926,0.016385591598280177,0.10292323051618837
10,0.0005,1.0918381983838248,0.5723584116193305,0.40396452139373196,0.11551526537076222,5.441624947635534,6.7648267702196,3.932512066100771,5.911520004432425,0.01567007204824534,0.10034866277899365,1.2141516250412838,0.7053982438718057,0.39772959809144504,0.11102378307803298,6.108438611265476,7.5341806963789315,3.912673674237477,5.829231245516111,0.014839521076723382,0.09957906897765469
11,0.0005,1.0171420728253358,0.5150160982914177,0.3891853584446526,0.11294061608926555,5.106933562246984,6.408038539953362,3.872900054528648,5.773717762060474,0.014810370504820041,0.10073105308586945,1.2392765718249952,0.7462087524035679,0.37943134721890237,0.11363647220252485,6.279696623777142,7.7999248671969434,3.8407200028520636,5.665745103689782,0.014788269470858685,0.10196030009308868
12,0.0005,1.0007795974197269,0.5142179426125003,0.374547029778963,0.1120146250282636,5.1063197356110805,6.426131997040562,3.8136608093507336,5.637394792328094,0.014327549367908584,0.10081518579831839,1.1424934334643335,0.6673234761450487,0.3663139038869077,0.1088560534323773,5.9619320948505266,7.317120344769788,3.78789346631639,5.537124012991346,0.01366047690824606,0.10038360364250516
13,0.0005,0.9430037807628212,0.47300345972305075,0.360195066127833,0.10980525491193792,4.876986222899866,6.148668156081239,3.7574552187305237,5.500166286713002,0.013445496450833467,0.10069034415586466,1.1042691473911648,0.6423872206555928,0.3521629368183389,0.10971898991723295,5.770229926193913,7.199553304750761,3.7329395651161312,5.402363084750625,0.013216850389844449,0.10141592763534
14,0.0005,0.9098869131624622,0.45545417405013094,0.3463548094892579,0.10807792962307344,4.786804093981905,6.038108004104031,3.7022215193459136,5.371016629509157,0.012702193605277422,0.1002261992709882,1.124907454247066,0.6787669804211217,0.3419272353879973,0.10421323843794678,5.9960679766784075,7.367869813922507,3.6881501115790907,5.309656774894421,0.012014240561495642,0.10001195574727155
15,0.0005,0.9033053658640368,0.4608503093084786,0.3379588094990116,0.10449624705654653,4.855838103084857,6.078206606345183,3.664322488082669,5.292358183302886,0.011812479711384376,0.09983828635143879,0.9996336038802822,0.5625777388137359,0.33484858521645733,0.10220727985008887,5.399517759897173,6.709375742451814,3.658676124736796,5.250126146831697,0.011509819443268786,0.09947969471805101
16,0.0005,0.8477455318819161,0.4156664505539472,0.32940685197660724,0.10267222935136174,4.559220407140381,5.758633576871617,3.6286573550876473,5.213493619416245,0.011275534446728751,0.09937827016732283,1.1060253455649953,0.6796035533963091,0.3259324892309067,0.10048930293777941,5.99264084382878,7.3688100110801065,3.618524711277606,5.1692780253054,0.010841617042704126,0.09955226433359116
17,0.0005,0.8494013037618129,0.42721363239092586,0.3209496353248554,0.1012380360460318,4.652864850711915,5.830475656001199,3.590489194513064,5.13548574011488,0.010804706295095931,0.09864437726197882,0.9603309246718247,0.540298043003283,0.32019110874033974,0.09984177292820205,5.310215037551836,6.564983063490713,3.5936700234677637,5.119767031371525,0.010635042965350517,0.0998401088643774
18,0.0005,0.7923597069087434,0.3752759334006937,0.31629134205939297,0.10079243144865663,4.297426972454533,5.462546458745464,3.5677247849517184,5.097818404564555,0.010489137738064536,0.09982204596780722,1.0218059446976817,0.6110346353055862,0.3131732103207951,0.09759809907130058,5.675181039019368,6.977548844897966,3.5581876059678246,5.074482404592245,0.01002043505321669,0.09788870285325214
19,0.0005,0.7919134670922457,0.38225638565723336,0.3107798102476394,0.098877271187373,4.390327143259069,5.511146391393406,3.541024469310696,5.044954651728073,0.009920601097947216,0.09849644607916566,0.8910163941701701,0.48526156004538856,0.30976696934811976,0.09598786477666174,5.006288125676082,6.213025302961628,3.5401138278901025,5.040838551554742,0.009511674561433928,0.09837859467965282
20,0.0005,0.7431177406176815,0.3384576363735829,0.3075193317052629,0.09714077253883578,4.075643175943063,5.178459654565921,3.521602237365547,5.01896413187361,0.009316792274362402,0.09968235754487192,1.0030955691424464,0.6038585926617516,0.3042234813802887,0.09501349510040605,5.609522516499208,6.933075851965431,3.5107943219578983,5.013856297200955,0.008975811599279234,0.09967435890393696
21,0.0005,0.7508588891415973,0.35327259035585246,0.3007567115045933,0.09682958728115143,4.169065823375956,5.2896302997504465,3.489452227673562,4.957264540916949,0.009001933994636875,0.0986502505354125,0.8646442123185363,0.4723241659443484,0.29891108653735393,0.093408959836834,4.907429302938876,6.127326286263593,3.485880405532862,5.011466722121197,0.00872621231717619,0.09618339306319115
22,0.0005,0.7018102776056893,0.30969173731488886,0.29661155204933554,0.09550698824146482,3.953505801660045,4.959339016815951,3.468386368780259,4.917444157198887,0.008765082584998305,0.09657613194909181,0.9468895032775148,0.559214762873732,0.2948710139314508,0.092803726472332,5.382696876917937,6.667459105071618,3.461100474891868,4.968804166806943,0.00849606502252355,0.09735468248830757
23,0.0005,0.7070980050181631,0.3202402720224981,0.2922666550689617,0.09459107792670347,4.02649340801153,5.032833078219461,3.4416695953190835,4.881363826076041,0.008515928628885523,0.09678209033512547,0.8575212508278759,0.47533011652057006,0.2907774247262796,0.09141370958102626,4.938061511726202,6.144874254894768,3.440773751360305,4.888125131775314,0.008207161801051533,0.09447545049404132
24,0.0005,0.6824352069860624,0.2991824424651856,0.28920873295135935,0.09404403156951759,3.90675715436568,4.8675653308547355,3.42324099982078,4.856727962646171,0.008262796467763057,0.09790676654675012,0.8980970952233142,0.5194270019337697,0.2876750472273926,0.09099504606215211,5.179005356393504,6.421457046473018,3.4202926813986316,4.883343184103815,0.007977998429303848,0.09454611179965834
25,0.0005,0.6688377527536687,0.28821517000080393,0.2869053188707233,0.09371726388214154,3.8208789921670867,4.774158264344948,3.407821345089912,4.835669902696992,0.00806332547663905,0.09720549876411468,0.8416189016736293,0.4644219158759059,0.28647699690336914,0.09071998889435415,4.9013287551848945,6.069641893444822,3.4102759171280503,4.854036408894768,0.007788611220192513,0.09947960095472345
26,0.0005,0.6394301577207866,0.2633498542928349,0.2832097572580484,0.09287054616990338,3.626035474680077,4.56085066441752,3.386167756929846,4.802745458078156,0.00787913668268436,0.09849990041156376,0.8845543239631459,0.5147106899019309,0.280310182695857,0.08953345136535801,5.126632302912393,6.393574302840565,3.379181942346832,4.786665690797486,0.007607133621876561,0.0925789839661397
27,0.0005,0.6486934642060751,0.27724300922918593,0.2791540049211815,0.0922964500557077,3.7286619779093977,4.681553339711929,3.3636508710027333,4.768227603146159,0.0077383784125733945,0.09521572162155512,0.8264256470532373,0.45908083317035453,0.27827497077449315,0.08906984310838965,4.886330473315102,6.03329642074317,3.3673849664491393,4.756699798775589,0.007475890485071156,0.09345040098879444
28,0.0005,0.6144799150061246,0.2473666281092026,0.2758352375362408,0.09127804936068129,3.5270074013183343,4.418412908156883,3.3452412458590772,4.7342457191732095,0.007572142703350145,0.09402004721129648,0.8795105844938791,0.5180825547438126,0.27272768975149014,0.08870033999857617,5.142239361363729,6.414842906312787,3.335945760541709,4.716373394617811,0.007393338380085883,0.09264620981064066
29,0.0005,0.6322096029764875,0.26967469460358884,0.2710992200910524,0.09143568828184619,3.691669804926431,4.610651292265517,3.3190512734296442,4.689499061137599,0.00758579457983439,0.09390665038234959,0.7883228867032539,0.4274521779625932,0.2710379368426319,0.08983277189802884,4.682529642337684,5.82007005542902,3.3218597283759483,4.769315936866425,0.00745001966441285,0.09450433643818998
30,0.0005,0.601424355688475,0.24118422689270844,0.2680814579805439,0.09215867081522257,3.4610644063810168,4.364555862985559,3.2988108774700393,4.666243426612518,0.007577349842322411,0.0957429855156128,0.8930077774754793,0.537728149181379,0.26638038421583826,0.08889924407826187,5.231027061765468,6.536201681934323,3.291801864513364,4.7226756540192705,0.0072670730844901525,0.0940598966402625
31,0.0005,0.5984490015357001,0.24448892116795337,0.2631477561659516,0.09081232420179504,3.5312115233536123,4.392986513663606,3.2659377783729746,4.619018267612144,0.007427353943945885,0.09469605072363274,0.7931916559654102,0.4405092372353515,0.2635500121107851,0.08913240661927356,4.7633708924776395,5.910536761547633,3.2753403790246556,4.653901992947325,0.007329862017747253,0.10436938895618116
32,0.0005,0.5684811481683573,0.21713209382730939,0.25996547904418815,0.0913835752968597,3.3110820366461184,4.138597133056133,3.249228479626159,4.591112006277892,0.007537116557874878,0.0976463489388388,0.8326959443387623,0.4867376356637965,0.2583060178505598,0.08765229082440594,4.937082685071284,6.2160446686191735,3.244627951987308,4.569043522031834,0.007272562664311078,0.0925296934526096
33,0.0005,0.5664835063334065,0.22080900552568497,0.2560017606574471,0.08967274015027434,3.364555652420292,4.171533593102441,3.2218299694315915,4.549303084244089,0.007387088175548364,0.093269372152746,0.7677791688636034,0.4258005331826033,0.2540995780654464,0.08787905761555359,4.690038604314012,5.809062679103326,3.2192026976836208,4.527341525654848,0.007244399469485698,0.09278397395121943
34,0.0005,0.5354017026360881,0.19427068746327966,0.2507529581197096,0.09037805705309886,3.1292460887499947,3.9121787673181267,3.191405659004491,4.49958992384439,0.007412310856271581,0.09423193151192728,0.8171138751627353,0.47940269806929825,0.2503003577759648,0.08741081931747215,4.939986566516718,6.16299254109499,3.1919788162671567,4.505838599054162,0.007147518400356892,0.0928403328756981
35,0.0005,0.5532337063096783,0.21635269335739613,0.24691854761082999,0.08996246534145208,3.3353298570924883,4.130086691670713,3.165500041943306,4.462006048052981,0.007332542285325433,0.09390579859416996,0.7319478629696669,0.3963024031815655,0.24812739054973362,0.08751806923836748,4.530818236611712,5.600536606542501,3.1741009505647955,4.497950570349685,0.0071469457681575844,0.09270909136938708
36,0.0005,0.5107266728652559,0.17759687944689384,0.24329511719425825,0.08983467622410375,2.9572278626816213,3.7472044799145774,3.1411004965488796,4.431863885580708,0.007325158028189376,0.09394814243990503,0.8209997855574023,0.49160970559669076,0.24203384272233064,0.08735623723838079,4.989676248617788,6.245406437889735,3.1377629335567683,4.4723256278375745,0.007121311164997448,0.09299535119664844
37,0.0005,0.5314029524825811,0.20368746655416067,0.23795648285764223,0.08975900307077822,3.263339539245803,4.005621134623168,3.109127427707442,4.375157359550799,0.007321066176245543,0.09356576058724277,0.717354922275345,0.3901878691577326,0.23989319568827625,0.08727385742933623,4.479084119485433,5.554205610213044,3.118004233708085,4.509011874533861,0.007117163371891814,0.0967789593807803
38,0.0005,0.5031602319195078,0.17787954616114118,0.23571631285175965,0.08956437290660679,3.0445969869612552,3.744326762232099,3.0908680541014744,4.354395984067942,0.007286980707748077,0.09407387842733193,0.8222462333898682,0.49653132341390444,0.2380951869755883,0.08761972300037572,5.026728800273005,6.275007018176987,3.0994098998206483,4.659511993843034,0.007103216422204338,0.1167325618971731
39,0.0005,0.5147711540668156,0.19482060355038133,0.23083124387763046,0.08911930663880378,3.1614209757552745,3.9171803781532595,3.059201890664061,4.3057032475509365,0.007243140946051735,0.09353094940476933,0.7154037902342992,0.3955816439004506,0.23264057305188499,0.08718157328196374,4.537997024093014,5.591898907094313,3.0697426801326126,4.36156348836289,0.0071109328806591475,0.09521371262490116
40,0.0005,0.48957832087576963,0.1728790265555923,0.227905152055762,0.08879414226441534,3.006295274865526,3.6909881305669687,3.037487219204339,4.27841119166754,0.007225805367720171,0.09321006250025095,0.7816176238886451,0.4661367269269087,0.22950020058420828,0.08598069637752812,4.85570562837955,6.079315853570319,3.046823519468933,4.324858059321917,0.00697450429142235,0.09753464864774866
41,0.0005,0.48368457606083753,0.17075559452510372,0.2243332212948763,0.08859576024085748,2.9688688880553316,3.6671155930452164,3.0132172016257788,4.24221196623735,0.007213233018650448,0.09292281777449996,0.7049825751352314,0.388156869244583,0.22884781520107314,0.0879778906895755,4.4704744604723,5.537953643027731,3.030991856105245,4.411129644243201,0.007145631051309494,0.12139066526900524
42,0.0005,0.4552862489114447,0.1454205538205491,0.22053225066245186,0.08933344442844376,2.746630525936324,3.3846557313869625,2.987700618926032,4.2069076715090805,0.007256599276982717,0.09532626035125906,0.7628880253577206,0.4548113429303237,0.22130262660350775,0.08677405582388908,4.767653960118768,6.005310070422735,2.990462409390607,4.254688086941281,0.0070411351814366335,0.09361980894614655
43,0.0005,0.4905168038963234,0.1870908710484915,0.21477112742074292,0.08865480542708894,3.1470972343483914,3.838992389869388,2.9513679478653003,4.147004879351537,0.0072072478098127385,0.09381947424598305,0.6775472989070204,0.37504184165416815,0.21730733144057116,0.08519812581228116,4.411915926666688,5.443969578325414,2.964318569871729,4.192847022128148,0.0069136827689382065,0.09123138157637871
44,0.0005,0.44207908515394606,0.14306158346123612,0.21039692009416286,0.08862058159854712,2.7275996353557117,3.3565784254375908,2.92249288322555,4.100802596379577,0.0072047001507129045,0.09324308010014401,0.7439383559995429,0.44408164983264203,0.2129328332964147,0.08692387287048631,4.735623101771247,5.932645089558411,2.932954485687166,4.154643190207887,0.007061847059467706,0.09291198166319554
45,0.0005,0.45535907892445143,0.16067988714108725,0.20659878546041519,0.08808040632294901,2.936850334085937,3.5575054502603183,2.8955057646763325,4.061453390533991,0.007171944216456825,0.09248197566492845,0.6673924448717287,0.3693986977370617,0.21184573546768257,0.08614801166698445,4.375743189771933,5.399583620586852,2.9172127192881154,4.176458032238922,0.007009015448246462,0.0951030168196343
46,0.0005,0.4247536378969727,0.13341240976058497,0.20346690109959867,0.08787432703678914,2.6209262292790556,3.241405758298217,2.8723663698601616,4.029695716049118,0.007157119090970334,0.09198342661494696,0.7264105071257949,0.4353629575492741,0.2060670233327705,0.0849805262437502,4.69225746950233,5.873244246279819,2.883384358192295,4.068216511546181,0.006910893650675421,0.09093757942902396
47,0.0005,0.43320946602858873,0.1470376308309459,0.19902593276590505,0.0871459024317378,2.7624958781116806,3.4030376205504815,2.841730584842499,3.983426341141494,0.0071091210099248365,0.09148525124565728,0.6608283601011553,0.3710966597397452,0.2039025781964366,0.08582912216497356,4.415331036213929,5.4104200716534185,2.8645024742501484,4.051228976016154,0.006985190463966425,0.09279355596763224
48,0.0005,0.4106862479769615,0.1275539159486309,0.19564335312998607,0.08748897889834452,2.591943377354503,3.1694927517820504,2.8183367571305222,3.949564816969548,0.007138423121859665,0.09223159254958058,0.7266868248663827,0.4403319452571753,0.2008674642775896,0.0854874153316179,4.720674366844111,5.9065059825612,2.8419693749052795,4.043771027202076,0.006946358221464491,0.09290861439157441
49,0.0005,0.4237780383075658,0.14409206480836098,0.19220988638802727,0.08747608711117753,2.8003160311360853,3.368645554344333,2.7964152355484466,3.911653747898724,0.007123209138609472,0.09224291832711307,0.62974423780707,0.3470150907316493,0.1979136866536163,0.0848154604218042,4.2528737222935336,5.232991637205313,2.8183786508678375,4.013043406963887,0.006897136233205033,0.09163077644385156
50,0.0005,0.39284484510613177,0.1180183879913644,0.18792904256486329,0.08689741454990411,2.5116247555204865,3.0487222918685966,2.7654138729851088,3.8668515305117306,0.007089469820922725,0.09156316510227065,0.707513881595929,0.42938159382338775,0.1933733306999658,0.08475895707257554,4.646673349057938,5.833312179866182,2.7869240275005085,3.9815251543805164,0.00687913648141211,0.09145808712308431
51,0.0005,0.4069296626064822,0.13618177989992006,0.18405470733909324,0.086693175367469,2.7619137506170945,3.2748987250787227,2.7387958814925235,3.823940574425459,0.007070169482928948,0.09122341923311168,0.6376325805365654,0.36307372180667763,0.19007765827936837,0.0844812004505195,4.369979169204428,5.352079599786456,2.763283154965592,3.9425661630089,0.00685208975523,0.0915453985770045
52,0.0005,0.3798819366625239,0.11334552010405737,0.17994074771292043,0.08659566884554613,2.4561510734404766,2.9877032862362474,2.7092646683063997,3.780486678665171,0.007060741304403491,0.09158391071027006,0.6781940809026533,0.4084645759040724,0.18563027259803935,0.08409923240054157,4.529454512817818,5.6891007290175635,2.73266886308605,3.870378749357529,0.0068456615606573455,0.09165324256280806
53,0.0005,0.3937331765174212,0.12983060658026166,0.17750682383529112,0.08639574610186841,2.681285617501006,3.1975977380936844,2.689000602041635,3.7543750183219236,0.007046036256460669,0.09138363274092719,0.6325969534789488,0.360678600059496,0.1859469516010101,0.08597140181844268,4.366648944545145,5.33363128521547,2.725071133996461,3.8946173051864688,0.006951573423536798,0.09514828705034188
54,0.0005,0.3674584071925076,0.1066672528316505,0.17423728636352243,0.08655386799733472,2.391512293157372,2.898350073761353,2.6650084558795273,3.7199487067824966,0.007052626727910571,0.09157926121755593,0.6666149387121619,0.403790895257434,0.1796099212670377,0.08321412218769021,4.5161533624472385,5.6570048084389,2.6880115936443327,3.83554471473569,0.006759961620467958,0.08984645922035005
55,0.0005,0.3790335433842907,0.12392680932504922,0.16973153806798902,0.08537519599125248,2.597550466055037,3.124049590155394,2.6339299388030426,3.668923138540131,0.0069872240431249,0.0901690834541645,0.622461062936773,0.36013699276232947,0.17821902769041473,0.08410504248402884,4.351236635537896,5.32911133853011,2.672015283551867,3.8094345576044835,0.006828923326739772,0.09143038467123145
56,0.0005,0.3574903237711562,0.10353585745871836,0.16798425360613944,0.08597021270629841,2.3989811151263063,2.8554902212617197,2.617888196596163,3.6508745123285093,0.007004666241568519,0.09138062638221499,0.6465681676224676,0.3876885717046079,0.17516930177958615,0.08371029413827345,4.42793260943946,5.540090532908172,2.6495256488209673,3.793935915253079,0.006776316782836403,0.09241617368192936
57,0.0005,0.3580390984387208,0.10912566770441103,0.16355823696278163,0.08535519377152816,2.475135246369004,2.9315596941674347,2.5879067468304466,3.5997702416210315,0.006953236702325068,0.09011450423422027,0.6213047559630431,0.3649212098336241,0.17249128092215582,0.08389226520726312,4.367728289773664,5.36461295091325,2.6301836727288617,3.7726620811079203,0.006800247840541673,0.09479262544526962
58,0.0005,0.34857553407458863,0.10126923039589812,0.16199490655183188,0.08531139712685865,2.3800559457867347,2.8240607817905152,2.576035452255474,3.5821983457923476,0.006948969507902939,0.09030596428326434,0.6350393947563113,0.38065577063757916,0.17058594919190956,0.08379767492682268,4.395574089779409,5.489028509796448,2.616488558721642,3.7020244936427815,0.0067790053811624925,0.09214393269071278
59,0.0005,0.3446097541088831,0.09971061668828941,0.1597497669757026,0.08514937044489107,2.3589591784316117,2.8022442461502823,2.559319288386937,3.5577576956291104,0.0069394807643076905,0.09030872227541614,0.6047913114293915,0.3545385058815397,0.16750849090357298,0.08274431464427884,4.304267147432949,5.28867550916554,2.592871249486567,3.7135131238316816,0.006723758689267275,0.09222402498307077
60,0.0005,0.33834430684016076,0.0971121607704588,0.15655153452747386,0.08468061154222804,2.3076875160434445,2.7654900080001967,2.534280623757658,3.521297243960711,0.006919163922606978,0.0897220608781727,0.6395252222830033,0.3914677744597251,0.1649841110418582,0.08307333678142002,4.443887060694572,5.568612090148549,2.5739682523941814,3.6531698467982463,0.006741196927850888,0.09074097497001722
61,0.0005,0.3382115059190154,0.098916969395324,0.15467442449553379,0.08462011202815765,2.3406437482843088,2.7910697252897476,2.518574219736129,3.500528963440035,0.00690119578931207,0.09034094490474731,0.5795706910218091,0.33604074984832366,0.16182280615398487,0.08170713501950048,4.184107304974477,5.149379880106222,2.5516275796606003,3.609622166474704,0.0066089603886990474,0.08885858123659837
62,0.0005,0.32111917043152244,0.08678931565792286,0.15058331724840082,0.08374653752519882,2.1761850388846105,2.614378220607598,2.4889456947424744,3.451510328039613,0.0068266693203594495,0.08887928397719534,0.6332204340836155,0.3919356188463376,0.15928304461681791,0.08200177062046005,4.462337070961306,5.57336715709663,2.525987338363251,3.6062248516046935,0.00662749475796137,0.09023575682793064
63,0.0005,0.33039600312269995,0.09821735109971247,0.14799201984519808,0.08418663217778938,2.381167459884361,2.781181894885503,2.467605118411857,3.4217889938672537,0.006858326874478365,0.08941089643106888,0.5737804027267609,0.3333389644405828,0.15809463125143666,0.08234680703474136,4.164274320684249,5.125948735298818,2.5156262759494568,3.5774811581434833,0.0066871563321134996,0.0900672068157495
64,0.0005,0.30694557630743413,0.07704570286101341,0.14625774247320833,0.08364213097321237,2.052525318479417,2.463255695764261,2.4518895340771842,3.4013985433048584,0.006823995863622269,0.08875080481520115,0.6384869420357016,0.4011300134278455,0.15494589399910613,0.08241103460875,4.509207176109435,5.638469970978189,2.490343663737592,3.57014170337268,0.006659802797117864,0.0904816563479986
65,0.0005,0.32912383115975585,0.10292761358130775,0.1427027868074043,0.08349343077104382,2.459242368805695,2.847090267577756,2.4255197142180194,3.3593595641694725,0.0068040707066832525,0.0885777379901747,0.5566716487165261,0.31967952179741327,0.1556543421663677,0.08133778475274527,4.06004785903228,5.020473045163381,2.4902635141106826,3.6234989098963246,0.006598880213316124,0.0900164615785425
66,0.0005,0.30069445885265683,0.0767779659131173,0.14075972696557817,0.08315676597396131,2.0377995619086926,2.458972014217644,2.4097678384090604,3.336089183159858,0.006785029500386774,0.08841699887145749,0.5891742473572543,0.35703631327895546,0.15049139211862897,0.08164654195966987,4.272320874463491,5.315569519052214,2.4540171794703967,3.54161584876664,0.0066095288335838945,0.08989423942106696
67,0.0005,0.30153317039681454,0.08061256110154272,0.13828835971437822,0.08263224958089362,2.1140274131508954,2.519629268318148,2.388184513896601,3.306189259363318,0.0067514609093420755,0.08787145351919809,0.5656506168377564,0.33715313665936847,0.14746785974753662,0.08102962043085135,4.192603391226689,5.154976879507274,2.4336814803289863,3.437043899923341,0.006571932907328088,0.08902455894014531
68,0.0005,0.2957274516417731,0.07790616798460884,0.1349501572281749,0.08287112642898932,2.100691262208823,2.476972622570537,2.362058251765378,3.2655869757247835,0.0067523489017004236,0.08808560966349792,0.5946127354999087,0.3686876204147984,0.14483334652491106,0.08109176856019924,4.3369487245165885,5.402925113178754,2.4108306585422885,3.4031229163170766,0.0065737905826642315,0.08928275596948497
69,0.0005,0.292499421888969,0.0758019065703365,0.13401102619279315,0.08268648912583931,2.0794272206862296,2.4432918680261335,2.3523157697170367,3.254186593403964,0.006737636019039844,0.08806548811807106,0.5595382165372829,0.3346865532856336,0.14354708690788454,0.08130457634376474,4.185190180090176,5.136191221335021,2.399167252060919,3.390881818182785,0.006587641587195671,0.08963787845701125
70,0.0005,0.28760041775697465,0.07477473466255265,0.1305925565550736,0.08223312653934844,2.069203909687259,2.4266811982590326,2.3249626662115914,3.2126729556803406,0.006708303231171066,0.08775946632475846,0.5849986966740046,0.364176832560682,0.14014157439621236,0.08068028971711028,4.312480078581298,5.367665796844033,2.3728191329881794,3.3437671634451425,0.0065428826771902985,0.08835649845337361
71,0.0005,0.2880041399744633,0.0767030376082345,0.12900617450212995,0.08229492786409877,2.105790339420774,2.457771854928956,2.3100720631767984,3.1925844072418736,0.00671369719173607,0.08776304483140074,0.5387022859352013,0.31907790249488077,0.13906507069481533,0.08055931274550526,4.100305266209495,5.014453938422823,2.3617190812473035,3.3313428629422006,0.006535257498494183,0.08842231885074801
72,0.0005,0.2770457408761294,0.0682571608487363,0.127085617664401,0.08170296236299211,1.9636541198697288,2.3185122502048663,2.2924318039164553,3.1685233050034656,0.006663361777401825,0.0873133903430475,0.5927934564714579,0.37616100789464735,0.13617831191117444,0.08045413666563608,4.366287160002011,5.455326132954886,2.3356923395944538,3.293463094114862,0.006501781028191756,0.08822173222506755
73,0.0005,0.2848097130499485,0.07773796805191888,0.12507461212300788,0.08199713287502172,2.128952177869197,2.47429727763203,2.2730763383457426,3.1432858565121005,0.006678252492888288,0.08764567776447882,0.5227987449637281,0.3084352846358788,0.13444953703847826,0.07991392328937119,4.026793762105202,4.93083001830964,2.3228486731576994,3.272277376065638,0.006473962843768278,0.08795243782275232
74,0.0005,0.26753828405688723,0.06316298554287098,0.12297649434639008,0.08139880416762617,1.846613676462865,2.230317077751394,2.2568028736989185,3.1166365857693346,0.006629445389618263,0.08706938685925107,0.5745332134858975,0.3621126659856473,0.13268290226949644,0.07973764523075368,4.257927941950846,5.3523652586366355,2.3060593304590897,3.2536797498167656,0.00646313607253302,0.08812915985895488
75,0.0005,0.27735409400320193,0.07509590362056019,0.12115578832314938,0.08110240205949236,2.113310111100021,2.43188709825343,2.2401502840429157,3.093340669811388,0.006603723477657534,0.08684578175525619,0.5373596123080242,0.32482253534942246,0.13295937440331493,0.07957770255528687,4.129086997404268,5.060137963433619,2.303521027331914,3.269448886151227,0.006442657028775081,0.08737154617442283
76,0.0005,0.26452011952317406,0.06427423864343991,0.11937107396886877,0.08087480691086542,1.912400312876379,2.2498509907594406,2.2239321083326082,3.070445469750739,0.006586396134116037,0.08654323502383077,0.5573101055405332,0.34857566867374806,0.1296203249785357,0.07911411188824943,4.1866871998474275,5.250495135277688,2.277860775827265,3.2229118013769633,0.006415837247113309,0.08762438221606367
77,0.0005,0.26696598237687863,0.0682144450488316,0.11804318423720021,0.0807083530908468,2.0079580455770114,2.3177866662278426,2.211718780549174,3.05317765698647,0.006573934368195813,0.08656993605946071,0.5267183840852651,0.3176647914503952,0.12951894380553772,0.07953464882933207,4.079918985954068,5.00357468568452,2.2744882246257436,3.2199743368214646,0.006455459300371397,0.08829372400962439
78,0.0005,0.25732501320649076,0.05975289316636025,0.11683659666536467,0.08073552337476585,1.8409114028019424,2.1692757134080143,2.200470309489267,3.0378827448916725,0.006586067793962975,0.0867089608297563,0.5499294346243818,0.34394365276874783,0.1270628883446717,0.07892289351096217,4.160028307112489,5.213655113488312,2.2567872702681733,3.180231401593038,0.006404097304555542,0.08722377006032625
79,0.0005,0.2652913594747544,0.0692500816660691,0.11564156032260121,0.08039971748608411,2.0354209044252993,2.335314790566214,2.1887414658504447,3.0220440763139846,0.006554071597099095,0.08629639842755542,0.5191628200356753,0.31230696290225607,0.12791817050169907,0.07893768663171999,4.051771681142945,4.961256060630656,2.2579840336144,3.205157170454429,0.006399210359757665,0.08863321905444754
80,0.0005,0.2506940187410441,0.05631657924885137,0.11433123660654375,0.08004620288564894,1.7925728604212507,2.1059760048084546,2.1776796949555064,3.004687982824178,0.006530470308736131,0.08605110091528233,0.5443671989710921,0.3411909808354786,0.12485893064416208,0.07831728749145134,4.1621881033695045,5.192908647258285,2.236294260206029,3.1672086385634386,0.006345053807607173,0.08760567890843692
81,0.0005,0.25484117459815653,0.06266289839092606,0.11275857050387596,0.07941970570335449,1.926297808570955,2.221470366620001,2.1632447284614975,2.9836033358251113,0.006491447846533333,0.08555062055007845,0.509984951528836,0.30660322252866484,0.1249045540324632,0.07847717496770808,4.018325660647899,4.915802316531931,2.2319174650326423,3.162128081713943,0.006360263366508934,0.08675105852121508
82,0.0005,0.24708303736892148,0.05551995091194146,0.1117165869602212,0.07984649949675883,1.8015152763167392,2.0910278719201387,2.151412035147567,2.969912307328434,0.0065138920187672025,0.08596139519706403,0.55097056394984,0.34902742833019973,0.1239926490378482,0.07795048658179213,4.176571914143812,5.2510963628510074,2.2204109364940465,3.1518701001222094,0.006317773868520374,0.08671251154088666
83,0.0005,0.25252772296436965,0.062052116192090105,0.11119680262638977,0.07927880414588968,1.9424988152005078,2.210617396949876,2.1446881755112743,2.962931142580957,0.006464119204948978,0.08570023545951301,0.5093281630399986,0.30737580807166887,0.12379406022651633,0.07815829474181342,4.042223322855526,4.920996020901832,2.217656527829845,3.159636205254815,0.006337363023409473,0.08717525724488585
84,0.0005,0.240554460222797,0.051248507960377054,0.11046933735941995,0.07883661490299995,1.7063613541988267,2.008981316954196,2.1389140029448064,2.9534219370788786,0.00642755824098997,0.0852236291709942,0.5404201894036613,0.3414336476548023,0.12122692139760927,0.07775962035124977,4.1223436549215435,5.193830489829259,2.19800992202087,3.114168885663775,0.00630800361317317,0.08674823159902961
85,0.0005,0.24954283795287993,0.06167440761740866,0.10915057680887086,0.07871785352660046,1.9269790575403047,2.2038791607345813,2.1254730854245274,2.9354046732259484,0.006432274467546673,0.08513348577555639,0.5111902249497164,0.31218598005420883,0.12232780746395562,0.07667643743155203,4.046643517980725,4.962267487510703,2.2070557670194013,3.121852303743835,0.006232332564365704,0.08531190822517527
86,0.0005,0.24034824538578614,0.05283953594786193,0.10882940483986031,0.07867930459806392,1.7539828043724965,2.039927733560703,2.1217364830830783,2.931057387077652,0.00642750518182986,0.08510606773736341,0.5132901343337406,0.31666513216603764,0.11942348112399799,0.07720152104370502,3.9695216805802955,5.000305108778721,2.1772139850281813,3.0934569670204306,0.006263854120213857,0.08592547660210392
87,0.0005,0.23661395838503652,0.05053450954325998,0.10781383629517251,0.07826561254660401,1.7293347176809557,1.9949375845211026,2.1102889603937203,2.9171812645635034,0.006403108202550111,0.08485370103770487,0.5231469040796586,0.32598656267898635,0.11978112271660563,0.07737921868406655,4.16988156423867,5.0686972707493005,2.1805203146644447,3.0941285406732018,0.006266942299416361,0.08653915782000489
88,0.0005,0.24491592164176315,0.06116265140727229,0.10553434907082047,0.0782189211636704,1.9251125314930349,2.194716541359841,2.091882370011848,2.8861987791672665,0.00640253245029942,0.08491244015452594,0.49415940073876363,0.3000125461406679,0.11807864162059474,0.07606821297750106,3.9058688707820024,4.866691434493287,2.1685662093661313,3.0639443307380705,0.006196421253317364,0.08479952449242902
89,0.0005,0.23872133852781693,0.05567735316018673,0.10534115448126607,0.07770283088636408,1.7960906520825373,2.093989866074377,2.0880850794626302,2.8835129830765305,0.006349281247328086,0.08453368046943845,0.5054371819501589,0.3130692135781148,0.11648533734322748,0.07588263102881654,4.056201420431544,4.967996961219176,2.151582558815328,3.047054051151327,0.006167698128054335,0.08477590740284534
90,0.0005,0.22998619078270968,0.04825402316661401,0.10456893606479419,0.07716323155130143,1.6814870281869096,1.9494048810664326,2.079729042737345,2.872749776367661,0.00630416890490843,0.08427724300754044,0.52525628938264,0.3319829107656287,0.11667230261637937,0.07660107600063179,4.070388427150007,5.120908587538249,2.1514583462593597,3.048459671210416,0.006209245593420565,0.08593072906126899
91,0.0005,0.23864676028438883,0.05815008990582892,0.10338322510220284,0.07711344527635712,1.8744476247047523,2.1399837730824527,2.06987133068806,2.8563319238688063,0.00629748939480927,0.08425403229495883,0.4790856155093855,0.28851607863717416,0.1148064157387112,0.07576312113350012,3.8949302794933995,4.769192619296169,2.137624013441044,3.023850460384178,0.00614585032527847,0.08549249745621235
92,0.0005,0.22340123692074884,0.04413999487908726,0.10183605154495286,0.0774251904967087,1.5670286309292993,1.8644529323527101,2.0554406129894005,2.835300813029932,0.006322471215680562,0.08454434079024159,0.5456801129362655,0.3562227301390721,0.11361597776129227,0.07584140503590119,4.21801468668212,5.305297947034356,2.1239293443114637,3.0091368838431647,0.006185766422637869,0.0851047148431482
93,0.0005,0.23931798451008,0.06109322014241847,0.10147117914570476,0.07675358522195679,1.8900784479435755,2.1934704768719864,2.049974445813361,2.829883905000364,0.006292013414222662,0.08395149179584137,0.5040586630090383,0.30739909432220563,0.11987288669214603,0.07678668199468684,4.022626617039431,4.921179734543707,2.1716161922148602,3.0994999298775556,0.0062422179908834564,0.08606781331590607
94,0.0005,0.2338303965219735,0.0533243551341788,0.10378699185622771,0.076719049531567,1.7596074992451114,2.0492648506264435,2.070468810748143,2.862346186113666,0.006290657795117537,0.08390941057306242,0.4992478717695152,0.31250188552529234,0.11147907608298535,0.07526691016123756,3.952398453059641,4.967170748523899,2.106101010176364,2.9814772333047803,0.006129222827058941,0.08461970731047921
95,0.0005,0.2279659964030626,0.051921306218932005,0.09928639502202886,0.07675829516210171,1.7316270773902487,2.022125425296314,2.0307380276465588,2.7992055095622908,0.006282509444890489,0.08405068157184373,0.5140945458356486,0.3285059517577079,0.11095835697929005,0.07463023709865063,4.11759740475121,5.090209039989064,2.0992030918613525,2.972295023165562,0.00607408386121928,0.08433490198921285
96,0.0005,0.23275867062259406,0.05814075111322548,0.09863432114581812,0.07598359836355048,1.8585540173906123,2.1398119275427887,2.021706205521551,2.789744509957029,0.006219060881994013,0.08347840011299919,0.4931711883525353,0.3017633228476642,0.11530857727053412,0.07609928823433705,3.8702614674495823,4.87943451807534,2.125324076965485,3.0399099827851157,0.006166521145640402,0.08579386314664558
97,0.0005,0.22490847728324534,0.04949132787691782,0.09934223017504074,0.0760749192312868,1.703239645309144,1.974239505542116,2.0256665967268623,2.7999881001066353,0.006221773933727001,0.0836888439754762,0.47599512944588107,0.29327306092254457,0.10866795178711731,0.07405411673621917,3.942511590931366,4.808455254436436,2.0799976144592285,2.938074133655635,0.0060217274542629096,0.08456600982549248
98,0.0005,0.2191124568527639,0.047132713297439684,0.0964355115406025,0.07554423201472167,1.6514459420971224,1.9266219582517337,2.001177112734502,2.758348480167327,0.006185354270830956,0.08315964569479715,0.528068497455484,0.34606925418540235,0.10800679620990782,0.0739924470601739,4.140220844540545,5.227491307692277,2.074302710063776,2.929473052980086,0.006023376233542665,0.08350841212994208
99,0.0005,0.23392262871907166,0.06020379442309743,0.09828393421151088,0.07543490008446334,1.850082980310553,2.1774451154154444,2.0178162324254267,2.7846702356498656,0.006189300984261155,0.08317937954793597,0.4952733548217324,0.30374162709302016,0.1161616127548477,0.07537011497386462,4.004171168249279,4.892028629042749,2.1434453630846875,3.0479914613374595,0.006140930386391296,0.0848171829610498
100,0.0005,0.2284320102096181,0.05497169035285698,0.09812984298547404,0.07533047687128704,1.8094190320138552,2.0806777869246047,2.0159006083421787,2.7826997065095784,0.006180191062226402,0.083159391336488,0.48205514561564466,0.3001713534757907,0.10813675767511169,0.07374703446474228,3.8644076910983958,4.867126140795955,2.0747443745544243,2.9371410284969817,0.006045817073239514,0.08341724661725779
101,0.0005,0.22051082040570183,0.04933752261152775,0.09568324456515388,0.07549005322902021,1.7155014377045332,1.9711694251300231,1.9925512045785716,2.748429234860596,0.0061783885271833715,0.08331901087124151,0.4915819582611127,0.3108656557306407,0.10685344564092622,0.07386285688954575,4.030570174738028,4.950636226171262,2.0587633804760257,2.9171433743992847,0.006002512464535143,0.08376320893713708
102,0.0005,0.21645692865340885,0.04593410341136064,0.09562432688119511,0.07489849836085305,1.640956147507979,1.9019666908047437,1.9887912300130237,2.7470959100458123,0.0061466363180658935,0.08278250119547702,0.49816221274102646,0.31540278040631325,0.10800764951671367,0.07475178281799949,3.952942022161477,4.988686781026305,2.067243131935195,2.934860245883879,0.006072641211680791,0.08475305849506887
103,0.0005,0.22738295936480976,0.05770916716474166,0.09444497620078339,0.07522881599928467,1.892335486470722,2.1318551272423143,1.9788739987216943,2.7298584977444746,0.006164277588319385,0.08305359088723198,0.4638888759656187,0.2818244733039068,0.10887894776056073,0.07318545490115112,3.840771322248432,4.714794810790436,2.0795392804886164,2.946712088990165,0.005966957258383102,0.08307940012549651
104,0.0005,0.23532932713187685,0.0630339135647465,0.09714509271698253,0.07515032085014776,1.8786277134378533,2.2280371138636204,2.005195263867012,2.768578174493593,0.006151221192523338,0.08293589608568763,0.4478352890292368,0.26951451469440857,0.10458785487388937,0.07373291946093893,3.696363061957464,4.6101717413050665,2.0360734818730704,2.884552820864093,0.005991165220114046,0.08370594821188902
105,0.0005,0.2074016259761641,0.03865214697643428,0.09433723638473634,0.07441224261499345,1.426991040305859,1.7447053632916907,1.9746553395642843,2.728170620863696,0.006107706484364723,0.08254092736685294,0.5093465750624526,0.3263726182015266,0.10849366982905222,0.07448028703187386,4.136585063507269,5.071345541331043,2.059232421473744,2.9462510204763404,0.0060392793997559036,0.0844246557560354
106,0.0005,0.2363093634769183,0.0650526970827371,0.09607948378681064,0.07517718260737054,1.9233653707765206,2.2634345378091623,1.9876435009078532,2.7536458936394914,0.006121929169345657,0.0832173434757749,0.524671762022349,0.3472710271120008,0.10508325517003284,0.07231747974031542,4.139454841432393,5.238885535488912,2.037774615610519,2.8892633838608073,0.005897150046854765,0.08245406742615739
107,0.0005,0.22283919030816282,0.05285395591704731,0.09575493170000426,0.07423030269111124,1.6845346743814966,2.0402060638633848,1.98555116156932,2.748856696031658,0.0060689841275693695,0.08252786755111394,0.5401918389839588,0.35188984529240197,0.11351791411050856,0.07478407958104832,4.329220228894838,5.266676721284268,2.1070769202026365,3.014569276852968,0.006080124002792996,0.08478595142102623
108,0.0005,0.23666731941198715,0.06864481521470316,0.0939603497035411,0.07406215449374286,1.9400534928519644,2.325086717112022,1.969155557323383,2.7227953127565785,0.006085340808827136,0.08256007908025734,0.45937181858700915,0.2865384497476528,0.10091672523610119,0.07191664360325517,3.772879381294074,4.755727824198542,2.005040942110729,2.8441301315826464,0.005921695239928027,0.08196258993046657
109,0.0005,0.2115020642725061,0.047894554232527635,0.09015575773886193,0.07345175230111654,1.7278427537956427,1.9421302499111557,1.9334368613059643,2.6668109557564006,0.006039999783266509,0.08189415824036425,0.42952725654055196,0.25843694925716426,0.09914117714787353,0.07194913013551414,3.6935302220995463,4.512432813966778,1.989762943399682,2.8154005481519713,0.00586364240666261,0.08234779755337605
110,0.0005,0.19949904573800661,0.037611968954568094,0.08898897988229226,0.07289809690114626,1.445134962226426,1.7210691478495554,1.9221839991274934,2.6492983734500863,0.005996398612942957,0.08152067367117329,0.48554986464157274,0.31413018821570304,0.09926018688539982,0.07215948954046982,3.9527274081042734,4.978550114095783,1.9898836254081578,2.8067310761319453,0.005882352379085657,0.08302929756601293
111,0.0005,0.21105365239320473,0.05013071438649583,0.08768757920028623,0.0732353588064227,1.8193209242995203,1.9869513412555997,1.910863955650295,2.629923753583642,0.006020116629032872,0.08185486306668299,0.43736742585512245,0.266198598085576,0.09955442442831179,0.07161440334123458,3.747022913516015,4.580492080855962,1.9912387756687597,2.8129944989133557,0.005852704068465236,0.08224894897598277
112,0.0005,0.19705440341062938,0.03712702315607134,0.08719825739144811,0.07272912286310991,1.49132076242127,1.7099379435137276,1.9040810494731695,2.6225282818466873,0.005968289368786574,0.0814591852828165,0.45914274825043466,0.2890652472675916,0.09833889024976498,0.07173861073307798,3.7894563880493375,4.775122981455759,1.980325113220182,2.79282253552423,0.005851199590824037,0.08234179984719281
113,0.0005,0.20049490722939947,0.0412721871719528,0.08655611093736226,0.07266660912008441,1.6103205291582372,1.8028684021839048,1.899208445017851,2.612812221346711,0.00595891850927308,0.08139023030468842,0.4470920875342353,0.27689351558473607,0.09846236385646301,0.0717362080930363,3.806438649522498,4.6722916829240075,1.9821357226565977,2.7941702827795316,0.005840994309212155,0.08212350301774946
114,0.0005,0.19368505127890376,0.03518563443435025,0.0858317454689851,0.07266767137556837,1.476917646027854,1.6646309997922735,1.8929330425993767,2.601856623318515,0.005950577515085273,0.0813770229322401,0.46611528715480255,0.2968845101032893,0.09762345261357105,0.0716073244379422,3.816181871775704,4.839716948358019,1.9730411707452964,2.7850940837772895,0.005840977340172014,0.08218507017786793
115,0.0005,0.19812628467123009,0.04004598072371967,0.08566760365927623,0.07241270028823421,1.5848273488686848,1.7758846440980696,1.890589520922422,2.5992300145392915,0.0059434748429862665,0.08119574124622314,0.4419362210223746,0.27220971730913,0.09812446055468914,0.07160204315855544,3.787323367593117,4.631613357685697,1.9751275445117817,2.8005364160306043,0.005831734626879153,0.08231926956991396
116,0.0005,0.19037224056306756,0.03316134159684189,0.08472936384905085,0.07248153511717483,1.4456560678264465,1.6160371160184661,1.8806729078605764,2.585120654458632,0.005940332019350747,0.08132828313939139,0.46620300740926146,0.2972484364443425,0.09746722987772846,0.07148734108719051,3.828690573262674,4.842719959185284,1.9676492258936935,2.797130769693956,0.0058272783734715635,0.08193658499303456
117,0.0005,0.1939695173199901,0.036961772271548336,0.08463719294721563,0.0723705521012261,1.5406823214865861,1.7061282671515805,1.8783456254895101,2.5835981255778293,0.005926561567264109,0.08126483208439844,0.4337332917342615,0.2659747309791234,0.09646110258766882,0.0712974581674693,3.7490858193715106,4.578419843031376,1.959822407960334,2.7724987229675415,0.005799135038136023,0.08196243204442083
118,0.0005,0.18836556337731525,0.032399145317752995,0.08404205146983489,0.07192436658972738,1.404328766137413,1.5973572669074727,1.8738345266102265,2.574401381838529,0.00591599928522699,0.08090049531671058,0.458218790477253,0.2921188835832006,0.09541499382131235,0.07068491307274004,3.7934327387563345,4.8007030601212675,1.950670071435668,2.7543924123200902,0.005789485310344546,0.08146828347073215
119,0.0005,0.1941197758023823,0.03936544107297245,0.08315324067337306,0.07160109405603682,1.5885094085903644,1.76073033216976,1.8633592499305802,2.5607646808286813,0.005882263600760879,0.08075053005403279,0.42425836242124676,0.25763205086928126,0.09582764816262133,0.07079866338934415,3.6902560184741864,4.506004499035727,1.9499386244371726,2.7697832864283596,0.005777926546668137,0.0818502429702351
120,0.0005,0.18585888417706423,0.03132828284327021,0.08292637504229974,0.07160422629149427,1.3722781718702988,1.5707373851737658,1.8595917321056952,2.5572804200478694,0.005873889114655736,0.08074997624649362,0.4619608391227356,0.29549190374001405,0.09556188822436806,0.07090704715835353,3.8204798529870163,4.827604152963078,1.9466951940617283,2.7598400744914766,0.0057989637774898154,0.08192613116845429
121,0.0005,0.19352522515145176,0.03990292064480893,0.08227169796577789,0.07135060654086493,1.5947703260006247,1.7727097249404051,1.853637406835373,2.5471018394568112,0.005873009791543218,0.08058025381081711,0.42662640832488036,0.2616230625221547,0.09460964511780355,0.07039370068492212,3.715014746770538,4.541006363384122,1.9399300996282496,2.746222004492889,0.005750762379579996,0.08140911705717539
122,0.0005,0.1848698405432474,0.031788038348303425,0.08167389600981408,0.0714079061851299,1.3863152948471644,1.5822210171720696,1.8471511784689505,2.537849279423654,0.005882620685258923,0.08071810756709624,0.45091496575435724,0.2867353519694489,0.09372175327269709,0.07045786051221126,3.760478102122236,4.756239131692752,1.9335394433947455,2.7263485975683435,0.0057737007274109384,0.081598822799278
123,0.0005,0.1891640060944688,0.03678831561977451,0.08114817084390813,0.0712275196307861,1.5377237688784362,1.702120243508205,1.8424472971892163,2.5296630609422643,0.005876621531930965,0.08051065804713427,0.42124664888544167,0.2569268702977614,0.09394278554884208,0.07037699303883818,3.6766364966707377,4.499283848383032,1.9353466430102395,2.72828951704134,0.0057424802610675655,0.08163632796280634
124,0.0005,0.18342093293533449,0.031317583555087215,0.08105336931395134,0.07104998006629591,1.4033074853179905,1.5704691418140369,1.8411275640220581,2.5280759224858818,0.005858133994114107,0.0803977304740739,0.45217188535766323,0.28926059576722285,0.09285705223747272,0.07005423735296772,3.7906482435837394,4.7768519651993,1.9254596397107964,2.7122961283258484,0.005742128586067289,0.0811309835845722
125,0.0005,0.18664671747010408,0.03523317744890644,0.08048402663873609,0.07092951338246158,1.5116262520429593,1.6657552492347882,1.8353472587305764,2.5192195661463503,0.0058375531440119175,0.08034966955479714,0.42768517859287397,0.26420796796658236,0.09348966445842463,0.06998754616786698,3.736375839674003,4.563247057772306,1.9288032442095646,2.7266849034084593,0.005729834191194954,0.08143950022122019
126,0.0005,0.1823573086983633,0.03117174687511605,0.0803377944194724,0.07084776740377487,1.4036143413682902,1.5668082708910076,1.8331360174771527,2.517007496487986,0.005839911088530829,0.08033719460488481,0.44875098263309104,0.28589255247909023,0.09289542417175414,0.06996300598224664,3.7769057555152976,4.74838226351874,1.9204441489785735,2.7196288024811683,0.00575807348065033,0.08095899487792947
127,0.0005,0.18236615921611746,0.03189288632929954,0.07999100096320394,0.07048227192361399,1.4277632111483722,1.5848282260493705,1.8269162510774217,2.511528816841743,0.0058206035440601595,0.08014636086710948,0.4209734212241348,0.25808005886967217,0.09318510471680203,0.06970825763766056,3.6799548330548753,4.509755859353377,1.9209890518095603,2.724975806407588,0.005707475149542442,0.08095765417854627
128,0.0005,0.18069293757621563,0.03098595006099886,0.07930472358164312,0.07040226393357364,1.41227503984163,1.5621318716960872,1.8204132084257587,2.5007393545655527,0.005788941706302331,0.08011944831524709,0.4462128224654361,0.2848175615180089,0.09199533110313902,0.06939992984428815,3.764379114601337,4.739465223632104,1.9104678946926117,2.705993209104095,0.00568174760355009,0.08076419303585766
129,0.0005,0.18530973209214308,0.0364875925795666,0.07867750926158708,0.07014463025098942,1.5425992953160623,1.6951490473987738,1.8139613544855657,2.4907826778882036,0.005761890226851698,0.0800046047442087,0.40794149521991574,0.24704196179810897,0.09153903335403689,0.06936050006776998,3.5966484952878175,4.412008101003967,1.9062341600097639,2.7048979024868443,0.005664004389690762,0.08076512432447193
130,0.0005,0.17548908112089887,0.02710574541161095,0.0783334210104527,0.07004991469883524,1.2852299082409118,1.4610529733824165,1.8110929779098563,2.485296820680113,0.005753285585202436,0.07983069155951437,0.44384267374043473,0.28326136692406173,0.09121627890980283,0.06936502790657019,3.744112327150415,4.726724592817674,1.902220743157415,2.7028784980410783,0.005683864551259084,0.08074628951146277
131,0.0005,0.18498596877499185,0.03648136842015522,0.0783390620582524,0.07016553829658422,1.5460252583015517,1.695004459515405,1.8097727500842495,2.4853334233441102,0.005781716395024435,0.07986653724624929,0.4152034036136615,0.25434774213258726,0.09143764278306696,0.06941801869800723,3.6503844724629575,4.477202559814581,1.9053906978771624,2.6961298838962224,0.005701157337641454,0.08086110332162279
132,0.0005,0.17805488724288857,0.029916594387443766,0.07806991098178102,0.0700683818736638,1.3823881829210813,1.5349398508270244,1.8071519022359532,2.481200992432424,0.005769451870364799,0.07992551282692188,0.4424848408029217,0.28339632084857685,0.08983086091153618,0.06925765904280869,3.7485071975466733,4.727598555186805,1.8909257774583115,2.669376959263118,0.005683629361827106,0.08075558370929614
133,0.0005,0.17893843951444025,0.031925824867005716,0.07732233569177625,0.06969027895565828,1.4192905812603087,1.585646409332514,1.7981139675299296,2.4691863700317374,0.005738297865395548,0.07969059760889327,0.4194751123905888,0.25922647534853377,0.09106970542979989,0.06917893161225529,3.6974505536690456,4.519224360080941,1.8982108361978778,2.694725003841169,0.005654743977740447,0.08098280223771269
134,0.0005,0.17805918392108733,0.03169359202646711,0.0768846620127615,0.06948092988185875,1.4393285124423376,1.5798687783135115,1.7944589177597146,2.4621423630227386,0.00572143411065421,0.07958209321355486,0.4300967406979516,0.27137483342559104,0.08994157553207409,0.06878033174028644,3.6714236774492677,4.626571880698461,1.8881341194055856,2.6809123816498563,0.005654670384899391,0.08065751570499693
135,0.0005,0.17556074430658142,0.030099431242586978,0.07624072161823527,0.06922059144575915,1.4042049817209772,1.5396231393791975,1.7869795309812504,2.451823584862308,0.005724070792808426,0.07942709635198143,0.41018341612505616,0.2522723680872271,0.08930179169178332,0.06860925634604575,3.655215387203195,4.458473684438017,1.8836550820261548,2.6673427060579353,0.005624534086341164,0.08053394505058178
136,0.0005,0.1740195012842448,0.02869162059788492,0.07625988687148938,0.06906799381487048,1.3536003080473964,1.5031863542159711,1.7880565826171155,2.4520975190692025,0.0056939818032478405,0.07939319157844911,0.4309100007759459,0.2732007821703812,0.08900802013855794,0.06870119846700662,3.7023162213683407,4.6419843723834955,1.8815067504720582,2.658209959832488,0.005621358265452445,0.08058287360316592
137,0.0005,0.1753903081487176,0.030803690955972768,0.07558833677416171,0.06899828041858308,1.4168980118231007,1.5575308725074146,1.7801145638347247,2.441467300640625,0.005690418570767488,0.07937050028021976,0.40747406593846486,0.25028146485231306,0.08866957209820117,0.06852302898795064,3.6273038471121835,4.441449432465612,1.8780339394476453,2.659593007064876,0.005607847241361784,0.08040474624330708
138,0.0005,0.1721675122133536,0.02777798282301118,0.07554612024985084,0.0688434091404916,1.3268494533574338,1.4790594734668963,1.7789032305109582,2.4406671839107315,0.005672899014648385,0.07931484237823083,0.4389014747178592,0.28300659968001257,0.08784442298575995,0.06805045205208655,3.7321718085200644,4.725077006700089,1.8708595296371586,2.641360154164094,0.005575767104875859,0.07993532876269023
139,0.0005,0.17849082844079478,0.03491158384248661,0.07493123177292077,0.06864801282538739,1.5036424759327776,1.658135666068534,1.7720535305219707,2.4305882026857235,0.005640747617482221,0.07913951247606325,0.3995412295473562,0.24259543512086654,0.08839200494949394,0.06855378947699568,3.572453323248562,4.3719552136215745,1.8725851046154358,2.654716647571021,0.00558988680640153,0.08049769847256395
140,0.0005,0.1703826057320815,0.026613871294208724,0.07494712702717524,0.06882160741069755,1.2747402230156972,1.4477357907279347,1.771621213390605,2.4308252753641715,0.0056692605594706935,0.07919068808404454,0.4421388300978262,0.286859538412839,0.08705907964876598,0.06822021203622114,3.765094024477454,4.756930004703284,1.8619556772205275,2.6297452551557643,0.0055807512652845375,0.08011426080140541
141,0.0005,0.17808839316835967,0.035093258225589966,0.0743164340152297,0.06867870092753998,1.5216418377706338,1.6624444062488837,1.7662260159150187,2.4206191970369515,0.005663755730816692,0.07912202055145606,0.40040736809895927,0.2453295355585061,0.08719352888915521,0.06788430365129794,3.575034432618837,4.398061531994195,1.865367986177732,2.633943787054547,0.005593536267601432,0.07967082514760886
142,0.0005,0.17049010259092254,0.02762166682912943,0.07422673722104708,0.06864169854074603,1.32261008214244,1.4748920212793075,1.76490221464521,2.4191105735839464,0.005679879069594897,0.079056929525865,0.42815845420115967,0.27420602651975534,0.08608394533385363,0.06786848234755069,3.688972136950361,4.650608933159928,1.8530506891464595,2.6155179292874418,0.005584243084723592,0.07977996228126301
143,0.0005,0.1714096291293218,0.029760700672271146,0.07346698909490852,0.06818193936214215,1.3882296771445986,1.5309353840054487,1.7562393446397482,2.4066571034694704,0.005643882126795857,0.0787273509845051,0.3979667201380699,0.24332426994467274,0.0868219599406511,0.06782049025274599,3.5702645191085147,4.378192824903296,1.8579199296902487,2.62781231596124,0.00556655247577142,0.07978879894956366
144,0.0005,0.16893339083396444,0.027093026060275468,0.07357767846201567,0.0682626863116733,1.3211502048640722,1.4607101341373836,1.7563084191260814,2.408524587297796,0.005634002766221443,0.07885584153044453,0.42403356968385364,0.2699847793189706,0.08645918588950609,0.06758960447537704,3.6657320827699817,4.614621361607928,1.8520693998241067,2.630537822573218,0.005541476780562363,0.07982406667521949
145,0.0005,0.17021761757076906,0.02937333377335456,0.07285047722884917,0.06799380656856531,1.4058859016890444,1.5209393812140186,1.7496452102826892,2.396499535394641,0.005609268740418662,0.07881653889015927,0.4015691325735783,0.24760303623136334,0.08642431912995521,0.06754177721225978,3.5913767743013194,4.417543875102834,1.8525971257440952,2.629893050485702,0.005548184723615331,0.07983521390754224
146,0.0005,0.16778145095245475,0.027007299221290342,0.07276884294975389,0.06800530878141055,1.3257164523978637,1.4583973383011806,1.7487665874422031,2.3951112085657402,0.005635321321611972,0.07877804949899986,0.4267654193729547,0.27334737249810315,0.08586570219063895,0.06755234468421245,3.6984567052614166,4.643194946583286,1.8447773167234451,2.6251354075984006,0.005559676200009067,0.07995445128403426
147,0.0005,0.1697552134996877,0.02975339766249549,0.07215431289325926,0.06784750294393296,1.4124599722386295,1.530747533552083,1.74038915186428,2.385097045269063,0.00560347410548111,0.07869730009666984,0.3964815893034234,0.24290355782543877,0.08606435433809194,0.06751367713989277,3.5558588458034968,4.375013051863794,1.8481334718753413,2.629985939527166,0.00554948124377272,0.07997179796869078
148,0.0005,0.16554623003075805,0.02595588334588296,0.07195571456878207,0.06763463211609302,1.3005255410440975,1.4297272402933576,1.7393627660949482,2.381709724345794,0.005581073680311676,0.07854886174166448,0.4285715003469355,0.27630734975791443,0.08507782608683866,0.06718632450218237,3.7039531623431694,4.668627704156993,1.8396203534997235,2.6166426120643727,0.005503169458789456,0.0800676522193474
149,0.0005,0.17047345371327427,0.031454819409649906,0.071670831696192,0.06734780260743235,1.4333910873778002,1.5739063335637193,1.7346866108528918,2.377003881677897,0.0055630032187508945,0.07844480968993327,0.38272920160506946,0.23141704299691504,0.0845371315704315,0.06677502703772298,3.476299163201046,4.269844050172607,1.834680091862675,2.6060198970149977,0.005498555247632061,0.0798075526370903
150,0.0005,0.1636015854526461,0.025486095265955647,0.07111196489553082,0.06700352529115967,1.2462696116734622,1.416729496390396,1.7286939024583,2.3676686046129953,0.0055395856300528915,0.07821192994239248,0.4355789832784355,0.2847858135291055,0.08404648739941079,0.06674668234991923,3.7496164654551176,4.739181428610024,1.8267560255417183,2.5970393248433936,0.00547837002353894,0.07950662620190979
151,0.0005,0.17425059224606218,0.03609556742328438,0.07104198792014782,0.06711303690262997,1.5310919040802589,1.6860180573160153,1.726819823707466,2.3664972015241714,0.005546379382998104,0.07828795447141182,0.38338740281842837,0.2322801321739389,0.08432295956130824,0.0667843110831812,3.4732501613881626,4.278032268313158,1.829152096916015,2.6005760380058596,0.005489429153393377,0.07926648122601371
152,0.0005,0.16199050570720017,0.024548479617369435,0.0705480408611338,0.06689398522869693,1.1959813428043211,1.390425054419601,1.7229003500992737,2.358276378955628,0.005531960656308388,0.07811754189734305,0.4326247212494887,0.283146828481305,0.08304394926696497,0.0664339435012188,3.7555924426554332,4.726065857971721,1.8187954449114685,2.5719529785484005,0.00547379316302081,0.07909903621833488
153,0.0005,0.17208092953677967,0.03506320031660675,0.07027819993776167,0.06673952928241123,1.4999943803218265,1.6617322992992962,1.7187261241145635,2.353810552809966,0.005525796912335978,0.07793751063134442,0.3796474151211062,0.22920835384608285,0.08387760186789167,0.06656145940713164,3.4523907730780343,4.249293694585285,1.8258466689367623,2.5833384230436947,0.005461386642824481,0.07922820127444342
154,0.0005,0.1613505359828332,0.02425271907299727,0.07034419984386742,0.06675361706596851,1.220601181882289,1.3820237393255987,1.7182684702800988,2.354883873269577,0.005515396011688649,0.07796135184126349,0.42519053567310394,0.2762713895757289,0.08246513615608739,0.06645400994128768,3.7046517062801656,4.66760801631026,1.8138348900069763,2.558189299591436,0.00545186670038794,0.07910586119966519
155,0.0005,0.16872650625620544,0.032130858013992,0.06989146788388174,0.06670418035833171,1.4622676895363655,1.5907299078094566,1.714369150576666,2.3472963672495255,0.0055050434082857804,0.0780776923534498,0.3835199008307888,0.2339683955500917,0.08336032435969819,0.0661911809209989,3.4869268356361913,4.293861152843246,1.821803086983272,2.5783597738012087,0.005464438561631892,0.07901287574670468
156,0.0005,0.1628971760888787,0.02632012761192096,0.06989832377185536,0.06667872470510235,1.2848559400560973,1.439724119079961,1.7147065521579874,2.347317560635361,0.005522904824705276,0.07803399680958187,0.4169021117125806,0.2687024242165151,0.08211328402846323,0.06608640346760229,3.650505461586942,4.6033210522631265,1.806167390588051,2.559050869938365,0.0054321083256939195,0.07889574596063934
157,0.0005,0.16405543108619416,0.028376772131924008,0.06930706493836879,0.0663715940159014,1.3518703618162242,1.4949159697264003,1.7057943219453515,2.337375302995607,0.005483800381232947,0.07784365454535448,0.374069368237165,0.2253050834465707,0.08262220812908054,0.06614207666151381,3.421699458939996,4.2128789337025045,1.8118472352976929,2.5640724692598678,0.0054271661037795125,0.0790360494960081
158,0.0005,0.1602225149281338,0.02484690820286527,0.06910424703555952,0.06627135968970903,1.2514257141168728,1.3988510162822352,1.7043967979894017,2.3339031620009134,0.0054755112924144735,0.07776122485912801,0.40982339243535326,0.26272275166203063,0.08127236019441128,0.06582828057891132,3.611893634520335,4.5513630367698745,1.801171300598432,2.5391234438960453,0.005411725593165172,0.07876267646395227
159,0.0005,0.16516792784856532,0.030536006004986165,0.06856610203496225,0.06606581980861691,1.4172153824569782,1.5507486120442922,1.7009199109554447,2.3247189481476362,0.005454811023183084,0.07765896680289625,0.3849512404859074,0.2381606328605929,0.08114162799723122,0.06564897962808312,3.5224786952764577,4.3326495126372535,1.8022559077962372,2.5408833644628688,0.005419945510161409,0.07851674999225736
160,0.0005,0.15965080195850054,0.02512263080474422,0.06842236922159572,0.0661058019321606,1.262368858876816,1.4065910283359708,1.6981348677334016,2.322284387681257,0.005492299093125077,0.07768256152794767,0.4128367074677873,0.26617900476547446,0.08088590064126214,0.06577180206105075,3.6395897811440943,4.5819309338301775,1.7954856760388238,2.538201464703453,0.00544487686336915,0.07868437844316001
161,0.0005,0.16553033804328837,0.03110582003546453,0.0684022073914624,0.06602231061636141,1.409108502026251,1.565150529483363,1.6964877245697594,2.3219427686495484,0.005474360764465375,0.0777248005229857,0.375577111381476,0.2273550805888344,0.0823937287651614,0.06582830202748025,3.435842602982788,4.232140827812229,1.8062194153306035,2.570485059955771,0.005407834852820094,0.07892392939499956
162,0.0005,0.1589415236229342,0.024896179947675488,0.06830152109632075,0.06574382257893797,1.258485986198982,1.400237299329973,1.6957684691275094,2.3202093170208644,0.00543531359271164,0.07759325977870428,0.40161538807053676,0.25613975364621383,0.08009466705622711,0.06538096736809589,3.5644004141699828,4.493991779070617,1.7877691836840628,2.5206963509135063,0.005369609019454587,0.07847983531168835
163,0.0005,0.1623556080094488,0.028984903773832674,0.06778068379131379,0.06559002044430232,1.3873527455799575,1.5108495390460799,1.6899460346267512,2.311396694259985,0.005397871028870881,0.07754042458404253,0.3769013691621784,0.23091602200514075,0.080531137721183,0.06545420943585471,3.4524967852348887,4.266404712906236,1.7931917445118115,2.525891921942658,0.005384847365085166,0.07866556370034532
164,0.0005,0.15699550716781693,0.024216395319801756,0.06726824112498396,0.0655108707230312,1.2545825325009823,1.3809884100519862,1.6849406747604543,2.302586323301428,0.0054042810308473,0.07729264936527762,0.40424603549945,0.2594759953914844,0.07963914916033435,0.06513089094763111,3.5779748028541123,4.523786530791989,1.7820011531266209,2.5229964400810503,0.005363059823668347,0.0786091724133755
165,0.0005,0.1599195215632754,0.027873184738987766,0.06683332976171623,0.0652130070625714,1.35797610352962,1.4815918541628417,1.6776094351770883,2.2951407948309206,0.005390655087970703,0.07716875577615952,0.36886491007366196,0.22341585870201988,0.08016034457444011,0.0652887067972019,3.3988224751101237,4.195396701460123,1.7876791777426724,2.5217659865419817,0.005374762373295726,0.07853202374835078
166,0.0005,0.15518306789807282,0.023030596523611568,0.066793165510159,0.06535930586430228,1.2128785133164919,1.3467527729375903,1.678775731171007,2.2944508919649778,0.005419217267409925,0.07722485951595008,0.40833351110174476,0.26423981526531565,0.07911455081794638,0.06497914501848281,3.616032104350309,4.565065793925383,1.7777319682812414,2.50454173542775,0.005358406874651996,0.07822443846547611
167,0.0005,0.16078545372269223,0.029498384101020538,0.06629105800993093,0.06499601161174078,1.4011908011751117,1.5241734705509395,1.6714810107919151,2.2858442621073047,0.005388706314676958,0.07699678822484844,0.36249367426075585,0.21872906208831813,0.07908293940498066,0.06468167276745704,3.34703305157112,4.151485465356392,1.778134253445375,2.5036433655182857,0.00537552869863323,0.07801242817761352
168,0.0005,0.1554912394975671,0.024300827894591148,0.06631468332116396,0.06487572828181197,1.2433255282636375,1.3833937835272658,1.67339595809588,2.28619531904325,0.005391124483224846,0.07693685746613398,0.4016712181359702,0.25747853607896964,0.07916117064342174,0.06503151141357882,3.58959804279218,4.5055890774942755,1.7773392255435116,2.506844775915644,0.0053496650765846015,0.07833687802497666
169,0.0005,0.15849718754023387,0.02714350575541073,0.0662683088505478,0.06508537293427537,1.3403059469544731,1.4620702975870583,1.6725131532800748,2.2853780733976206,0.005376521592125189,0.07706658108073514,0.36530025642635267,0.22157429192265787,0.07901782725163718,0.06470813725205754,3.368746387269577,4.178297106477351,1.7771710261342237,2.5077050327359394,0.0053164257088718515,0.07817985537677985
170,0.0005,0.15443911364153826,0.02430118301942599,0.06548431196192829,0.06465361866018397,1.2522355649655768,1.383403891732398,1.6649436380294493,2.271748241550297,0.005335731721743496,0.0768429704736319,0.3996038982633401,0.25653145333782573,0.07854490072550682,0.06452754420000752,3.5512001927835013,4.4977265266849145,1.770781192191556,2.49859323382078,0.0053248535176093695,0.07785355165751832
171,0.0005,0.15652048162370444,0.026317668092293064,0.06539820974850047,0.06480460378291089,1.3310309841524588,1.4396568490348682,1.662264006185133,2.2702615553768073,0.0053607207572955165,0.07707982886404814,0.36781880522095944,0.22441279044857013,0.07851613725752168,0.0648898775148676,3.401010370003004,4.205415239767925,1.769438704299411,2.4987036068921906,0.005349068696692773,0.07817635467886921
172,0.0005,0.1526880785173367,0.022899338980403985,0.0650504150341716,0.06473832450276112,1.2264546016329514,1.3429095366746262,1.6576147036732736,2.2642197313971675,0.005364030525990051,0.0769740060785476,0.3910340583405539,0.24967650369147334,0.07719068979220509,0.06416686485687542,3.5079450004361825,4.43684917111642,1.7571735911480741,2.477005165237214,0.005293321325520624,0.07776132809839341
173,0.0005,0.15528234360655388,0.026348850109956093,0.06466021058534045,0.06427328291125732,1.333996360850441,1.4405094723671839,1.6533980037729645,2.257374631039193,0.0053083645840359805,0.07665783707810829,0.37024321624416134,0.22736618579275622,0.07844201713661512,0.06443501331478987,3.4296624705039713,4.232494165151595,1.766659137390727,2.5013987415860157,0.0052994121838668634,0.0780434524471026
174,0.0005,0.15187716909735186,0.02296378771840171,0.06457736417261982,0.06433601720633035,1.2308775769324753,1.3447979757660293,1.6523909363906693,2.2559557657073817,0.0053230239776816,0.0767086066519971,0.40271759853084443,0.2613407623169059,0.07720388627593981,0.06417294993799866,3.597098965369044,4.539131693112345,1.7564405685804925,2.4771232758068384,0.0053117428768124555,0.0778821549644512
175,0.0005,0.15816733995813065,0.02986271870771343,0.06427747433387873,0.06402714691653848,1.396071295106949,1.5335571200373672,1.647742036445766,2.2507920296288515,0.005315691573260634,0.07653254421805623,0.3581156406373896,0.21737579049756503,0.0769930292856008,0.06374682085422383,3.3415489909401828,4.1386656369039345,1.7561756474716554,2.4738577747961883,0.005279443201642454,0.0773923090248304
176,0.0005,0.1497665476357383,0.021429145167468244,0.06434090218969533,0.06399650027857472,1.1352020090084844,1.299085419448935,1.6498823206212452,2.2518313337485814,0.005316597910592268,0.07656836594010727,0.410940559117415,0.2702002331320133,0.07691176696626985,0.06382855901913184,3.661584469789065,4.616152500040913,1.7532323238254095,2.470717206873656,0.005293369830064774,0.07745156626119079
177,0.0005,0.1610310948799211,0.03336855222256927,0.06386129119701288,0.06380125146033894,1.457566427209019,1.6210782056684896,1.642764131824638,2.243435002533029,0.005305720351839405,0.07636118977329051,0.35090423150446687,0.21137275514939774,0.07584603726884685,0.0636854390862223,3.2847541156808053,4.080611752125884,1.7439930524669542,2.457996445205712,0.005294401522163466,0.07745195214927822
178,0.0005,0.14883689057337665,0.021842391240626282,0.06316975761431526,0.0638247417184351,1.1036070347114926,1.3115515828842268,1.6363221373475418,2.231161201941268,0.005349025108652719,0.07638754901671158,0.4121210129621926,0.27185541089192533,0.0764930701731837,0.06377253189708357,3.6910606600055553,4.6296428054048135,1.7458044255695335,2.4782758896556687,0.005345464334413571,0.07780643316059423
179,0.0005,0.159475728832596,0.03286954321875898,0.06292978595177318,0.06367639966206383,1.4630126404794033,1.6089113646894706,1.6315800138636045,2.2270594499077836,0.00532491010304805,0.07633302024839657,0.3529639695187722,0.21307945951874468,0.076273520221518,0.06361098977850947,3.311528503213113,4.096810013431385,1.743925432346717,2.4733639948734654,0.005263336307267484,0.07745544775998393
180,0.0005,0.14827697888473992,0.021563030963638746,0.06302085317216162,0.06369309474893957,1.1338977907258003,1.3031373370595587,1.6326769574777829,2.2286125174488958,0.005283045958006575,0.07628580045884177,0.39440523005754957,0.25536589929252207,0.07548712233679586,0.06355220842823156,3.55551160416357,4.486906460252963,1.7373122977195627,2.452157179288867,0.005253592815322279,0.07742367553596909
181,0.0005,0.1571810410541227,0.030867128114186324,0.06282050090824169,0.06349341203169463,1.4472371021072634,1.5591338381170088,1.6306106641274472,2.2249597547476756,0.00526546420130594,0.07620776020348635,0.3613241854431897,0.2219439102095782,0.07608650213594001,0.0632937730976715,3.361615810620889,4.182264889541083,1.7438434919847428,2.459164740508808,0.005262638499330466,0.07722139748480623
182,0.0005,0.1516167530113261,0.025157187168533855,0.06306523999054515,0.0633943258522471,1.2701602194845603,1.4075580840553292,1.6347042504287235,2.2293111972772355,0.0052510993169772955,0.07620555785471794,0.38201582366246173,0.24417829756423928,0.07472828641537997,0.06310923968284247,3.4705973195189572,4.388102390396339,1.7301010968744728,2.4380519409768646,0.005215698936576871,0.07724374220377848
183,0.0005,0.1532957382039625,0.026795978064192278,0.06313181869532007,0.06336794144445017,1.289584391292937,1.4526804495682741,1.6326105146058894,2.230430803354078,0.005252339710007058,0.07616584645064095,0.35432578848486473,0.21370603812385686,0.07681293792438672,0.06380681243662108,3.332353028446305,4.102694338038003,1.747762062909505,2.476823311408294,0.005271711976143477,0.07792284264132066
184,0.0005,0.1486469764579397,0.022622973755265993,0.06262468210724945,0.06339932059542429,1.2065041735523503,1.3347813527100598,1.6268705257377014,2.2214231190631266,0.005259681639442078,0.07615484766622073,0.38547356821945716,0.24768538115776814,0.07474263941014168,0.06304554765154734,3.517267480618284,4.418799855563427,1.7304415400607471,2.4422981570191906,0.005234886697427129,0.07734746660559821
185,0.0005,0.15391660125435155,0.02896206912847175,0.06189993269286189,0.06305459943301792,1.396353153471003,1.5102542893416773,1.620265641853756,2.208532276272849,0.005221075182365637,0.07597718773653954,0.35890759478074685,0.2209903314855329,0.07493659795681606,0.0629806653383979,3.3556032947860657,4.173554771130919,1.732417009719646,2.446254700577226,0.005211839102883417,0.07722229271037194
186,0.0005,0.14834929261544313,0.02343109487197281,0.06188703370668804,0.0630311640367823,1.2209999650116583,1.3584122089230424,1.6200336071431884,2.2083950292968346,0.0052160608256074876,0.07596974366573721,0.3825855614699396,0.24601730199198554,0.07382999796848597,0.06273826150946805,3.482956299556603,4.40402380527739,1.719812674903218,2.4216812587518275,0.005199012749815741,0.07703106144630077
187,0.0005,0.1508585587755966,0.026551830733741285,0.06146139726251499,0.06284533077934035,1.299809706696148,1.4460473714754638,1.6144881428735227,2.2006817166430177,0.0052288638217745835,0.07583437164591626,0.35219441029203197,0.2151268565369731,0.07415726697872449,0.06291028677633442,3.344481069283124,4.116511217893946,1.7250861528266213,2.4287790842526396,0.005206678958709621,0.0772305733863064
188,0.0005,0.14571595772789894,0.02148330793052854,0.06144184156525018,0.06279080823212023,1.1533752355046443,1.3007261207218737,1.6148577413873226,2.2003217102717554,0.005221655403737429,0.07579529269479757,0.3863252537958233,0.2492007195046211,0.0743686176217504,0.06275591666945182,3.5224785318538334,4.432125669927255,1.7239182199467418,2.4333676654015166,0.005228039133878975,0.07701261662268116
189,0.0005,0.15223935636065603,0.028276623081441687,0.061303823591242625,0.0626589096879717,1.3629994878823615,1.4922756633668264,1.6122640715664542,2.1978521073382384,0.005211032321913606,0.07570389939171686,0.349441048063672,0.21306179337388187,0.07375443812473877,0.0626248165650513,3.2920317666622103,4.097409812847037,1.719879859279161,2.4173681439571557,0.005191572585259611,0.07684145560217265
190,0.0005,0.1467291398922217,0.02333009703103529,0.06070188125048051,0.0626971616107059,1.1845098350584267,1.3554813842170572,1.6052267474590434,2.1869904143562513,0.00520560990992453,0.07574890728546917,0.3912856495318811,0.2554260860096057,0.0733478055349806,0.06251175798729479,3.563354870530358,4.487539415378926,1.7129528662464042,2.412244404106129,0.005212015317042911,0.07683433967966262
191,0.0005,0.15230841965218786,0.028902299014586602,0.06087327961475977,0.06253284102284147,1.369652452639211,1.5086951001331086,1.6061508776400446,2.190125258013598,0.005206714009241058,0.07581316156691545,0.34324454972500446,0.2057308346074579,0.07480283755796138,0.06271087755958515,3.250449021699274,4.025803206719886,1.725960996909797,2.439796541426392,0.00519064435633723,0.07692215199753405
192,0.0005,0.14427874327171786,0.02098743186380235,0.060781291549171855,0.06251001985874367,1.125561076607675,1.2856268517109648,1.6055195393260582,2.188489248789467,0.005186891904787886,0.07569851884274305,0.39312878660876505,0.2564990349548321,0.07407934729121764,0.06255040436271528,3.5652566851197904,4.497043737938027,1.7206214648506395,2.4272281659046113,0.005179466392364793,0.07684965245552794
193,0.0005,0.15288145429053115,0.029620761392881462,0.060907840146255526,0.06235285275139415,1.382043340849057,1.5273317989353188,1.6082017578030887,2.1906507078061495,0.0051699509735659245,0.07573278956659817,0.3549147667737743,0.21916427332076877,0.07366716769724742,0.06208332575575808,3.3424365835008203,4.156757599290997,1.7180728968431713,2.415688271643907,0.005169684214245597,0.07635869010677877
194,0.0005,0.1487003947471426,0.025814498603135824,0.06072092622075672,0.06216496992325007,1.2568040051709573,1.4258279770677473,1.6051734895103296,2.1873368003511806,0.005165286138242818,0.07557472147285486,0.37815268803616947,0.24368404045043682,0.07237336652476974,0.06209528106096286,3.4697985856221134,4.383648499251953,1.7028814669657846,2.392200018512096,0.0051618157479857655,0.07643024214271242
195,0.0005,0.14955937132112848,0.026408930982196654,0.061045208601994076,0.06210523173693774,1.27068065975468,1.4421508682083979,1.6061499888149495,2.193154190308376,0.00516811430684655,0.07545213889862035,0.3511470408610348,0.2135260346970655,0.07520174614077821,0.06241926002319115,3.326495972194309,4.1010485451854555,1.7311876853194532,2.4421954098598744,0.005169696586231013,0.07684254611909297
196,0.0005,0.14656624805279225,0.024330935609856465,0.060146265337963446,0.06208904710497235,1.2528271672396303,1.3842505019293514,1.5982808828978314,2.1769289526127067,0.005141465269597196,0.0754707866541704,0.371323328810301,0.2378912195754657,0.07143325067417487,0.06199885856066045,3.4417482196679563,4.3307012356341845,1.6958607281650355,2.3785573680724026,0.005130958401540291,0.07680905280950494
197,0.0005,0.14698069481434128,0.025697071041699753,0.059306228265137186,0.06197739550750434,1.3147500680077555,1.4225813065413182,1.5886582307037171,2.161654238981104,0.0051299926958790825,0.07543781312519439,0.35166247171456966,0.21761390817158716,0.07202904868583362,0.062019514857148954,3.326070408623087,4.141524370259335,1.7014927372830764,2.390164189548473,0.0051381801838469585,0.07648504421083602
198,0.0005,0.14265811235684647,0.02143247883961151,0.059321947977988405,0.06190368553924658,1.19482143206042,1.2991864630765972,1.588796121156367,2.1619559916114723,0.005150555948669911,0.07534968683477024,0.3676127755156478,0.23435195131431136,0.07142463031593671,0.061836193885399744,3.4092352861128594,4.297787636217363,1.6949119328741742,2.3825486879145643,0.005185540815752978,0.07656195859664623
199,0.0005,0.14389071197134073,0.02328479319313909,0.05879566037134041,0.06181025840686124,1.2583275319252654,1.3541646655250015,1.5823029430821343,2.152296274172633,0.0051749286742134104,0.07528161415660746,0.34514367441946253,0.21163273492752413,0.07153861081062057,0.06197232868131779,3.291083629646163,4.083279161631756,1.6956210164697956,2.3821871289038605,0.005157105694950512,0.0764836663787361
200,0.0005,0.14152154529495986,0.02128034025284814,0.058530083506149244,0.061711121535962477,1.2058881839670763,1.2945671091726587,1.5797077829865755,2.147399307487857,0.00512990483140797,0.07525695797737222,0.36577559180752856,0.2334881061938516,0.07054687412632649,0.06174061148735049,3.382637671396413,4.290256748031885,1.6850140787006098,2.366480519205227,0.005140228742948493,0.07637275667408462
201,0.0005,0.14264564429433013,0.02289221120545648,0.058166202424627306,0.061587230664246345,1.2458598983542137,1.3427005196751773,1.5742032392108232,2.140723794175801,0.00512940579136745,0.075176424519543,0.3394440922866456,0.20604378200646886,0.07151234355542642,0.06188796672475031,3.2395989866206385,4.029437832384314,1.6923827525336412,2.3841148941514976,0.005120834694730049,0.07659617346000036
202,0.0005,0.14040444130773316,0.02061396532735956,0.05826725890357167,0.06152321707680191,1.1730323713251036,1.2741367890274031,1.575159856431771,2.1426136851301014,0.005105679279080978,0.07512951260256479,0.3649428147818413,0.23214375246174,0.07109396655875198,0.061705095761349346,3.38758697246938,4.277575433861636,1.689807448458681,2.372033609083194,0.005114513700049267,0.07636873613192502
203,0.0005,0.14372823327186332,0.0240490753035473,0.05814586828502269,0.06153328968329331,1.2829469170112286,1.376209261117927,1.5752338058960278,2.140355636394984,0.0050940760736409305,0.07525310110518338,0.3357160332927529,0.20305467535983784,0.07099123749368405,0.06167012043923096,3.2167732953486854,3.9998336198277427,1.68722867908953,2.376823370553724,0.005105846792792759,0.07635446209475223
204,0.0005,0.1384680092433054,0.01925746688352648,0.05774636537934671,0.06146417698043224,1.1102743428258997,1.2315012721574568,1.568865806026243,2.13298111962683,0.005099530932375746,0.07508045985968251,0.3786200960323159,0.24693710972709548,0.07042676737954628,0.0612562189256741,3.501405809811239,4.41192529917867,1.681123077507047,2.367164816607226,0.005093455137070438,0.07615672290319012
205,0.0005,0.1454846362712747,0.02683708456957357,0.057674785911779096,0.06097276578992205,1.3259451266378224,1.4537942684629563,1.5668395693123072,2.1316403388807164,0.005063777707057984,0.07490361836390803,0.3311208113158255,0.19860741485721845,0.07124534921304444,0.06126804724556261,3.1837377337755592,3.9554546390401213,1.6870343728153305,2.378963849601066,0.00507393118969097,0.07610958573156941
206,0.0005,0.13920212052822933,0.020369418846181327,0.057733474215905606,0.06109922746614241,1.1224748656491197,1.2665566053435204,1.5681734707361976,2.1327151039484904,0.00506911401615337,0.07502578824885567,0.3790420694728559,0.2475092848808173,0.07023349677790014,0.06129928781413845,3.508604049231974,4.417012405527689,1.6800683503896814,2.3591851438489644,0.005086885062121821,0.07612268115506754
207,0.0005,0.14655285081303895,0.028304469792914594,0.057376694475586715,0.060871686544537645,1.37450167362206,1.4930102762679045,1.564286116503473,2.1261239206506457,0.005050629707477438,0.07481702773384238,0.3348636843328499,0.20455293771417185,0.06935155506667245,0.0609591915520055,3.2074117559257926,4.014895247620005,1.673714614033809,2.341467646124529,0.005063968532687918,0.07574578163403567
208,0.0005,0.13844146799819543,0.02050626635457134,0.05711981672839663,0.06081538491522747,1.1092810534482083,1.2708040259286413,1.5612411982596939,2.1213318675833395,0.005053836462960944,0.07479980555631775,0.3783483982697772,0.2481780864487383,0.06921197413392431,0.060958337687114623,3.521604087114703,4.423407975181598,1.6705904708865926,2.3414727122914867,0.005080687855761313,0.07591973063852736
209,0.0005,0.14510369334103893,0.02689179967990021,0.05732650266490966,0.060885390996229034,1.2980914562976626,1.4552755025965158,1.563523815516456,2.1251707887725955,0.005077629937259162,0.07481855208442974,0.32862227713803954,0.19596693632132559,0.07157109216555571,0.06108424865115824,3.168475789579774,3.9285576707079226,1.696256932510807,2.3830094344233244,0.005079511347794864,0.07603756107289476
210,0.0005,0.13956008604442774,0.021275193372742186,0.05751839845669753,0.060766494214988025,1.1408848720729419,1.2944105471849408,1.565483045710358,2.128689075481852,0.005054235160712856,0.0747629379157629,0.3701648857108133,0.23927815821274837,0.0699654599031052,0.060921267594959805,3.4596032240428785,4.34231867211955,1.675129184650287,2.356083747887897,0.005092059677267892,0.07589722132968262
211,0.0005,0.14663463542397195,0.028742363636053262,0.057376877469281655,0.06051539431863704,1.3681513587489007,1.5045150095114965,1.5625212411923073,2.1260647642651906,0.005036163773051872,0.0746213787444313,0.33567931661770145,0.20513821532229226,0.06988246103292962,0.06065864026247953,3.2180077763821604,4.020992920688549,1.6741322273772516,2.352319244159927,0.00505880672327577,0.07573692450450879
212,0.0005,0.140551126059441,0.02283275423821916,0.05726424260250562,0.060454129218716235,1.169998406222245,1.3409557165221178,1.561982174434903,2.12399433675029,0.00502700499138242,0.07462409974285736,0.3767958771063858,0.24748450800858338,0.06880490198250312,0.06050646711529931,3.5185701544325143,4.417270265797675,1.6648424156249138,2.3338335353876904,0.0050193262423742615,0.07564948356900617
213,0.0005,0.1467953486270321,0.028903508735928892,0.057382827404933306,0.06050901248616991,1.3112634629003588,1.5087266734283469,1.5629729794406126,2.126143571425048,0.005019223572996191,0.07466590507666472,0.3239621791947879,0.19208197183666328,0.07107579984129994,0.060804407516824636,3.135425062217324,3.8893707771531245,1.6883302896054306,2.3730836103109576,0.005034632934316904,0.0759208599232999
214,0.0005,0.13914415294625193,0.02184962553246469,0.05695280921802845,0.060341718195758794,1.1455043536282117,1.3117687606019746,1.5568220503630015,2.118177382468651,0.005007122997582132,0.07457864946109695,0.36388862533337746,0.23391692218793672,0.0693925809113626,0.06057912223407811,3.4263879226175624,4.29324197504518,1.6680811362374812,2.3489137847229173,0.005045084078448874,0.07570546938209255
215,0.0005,0.14495021100941394,0.027965404146333316,0.05658202805946067,0.060402778803619946,1.3509356952027567,1.4840407795015882,1.5537269907518176,2.1112630469768763,0.005018609006983106,0.07467614366758368,0.33354846000295585,0.20407456624143833,0.0688124547000821,0.06066143906143535,3.207988121309175,4.010641241221177,1.6647550985550694,2.3372481939873775,0.005035036533648305,0.07588499162067422
216,0.0005,0.1384896987346335,0.022020308203999892,0.05607818288865395,0.060391207641979666,1.1867077422263368,1.3168823641227252,1.5484484886552352,2.1018268403272002,0.005011830788648245,0.07464347971179394,0.36189907580556024,0.23402824891586949,0.06755847050775529,0.06031235638193545,3.3949694161026795,4.295313894313699,1.6517216630170193,2.312435713056909,0.005016044086039133,0.07551413271037745
217,0.0005,0.14189124131082137,0.025804268380018768,0.05589872207531921,0.06018825085548337,1.2686805627451485,1.4255454229931985,1.5450744319711787,2.098455055071285,0.005020549613357347,0.07448640060148437,0.3274182182071569,0.1971621691918757,0.06962477326264875,0.06063127575263241,3.1828417609241426,3.940573225755063,1.6716612055713724,2.3528547567612708,0.005024287118584617,0.07593711066042531
218,0.0005,0.1373325673940528,0.021413686702720994,0.055827762474215246,0.06009111821711657,1.1657494289209929,1.2986167705943485,1.5431687154215143,2.097135421714268,0.0049852021602272345,0.07439301779523436,0.3577839369192157,0.22951493995356442,0.06794108391955586,0.060327913046095416,3.380790409347881,4.2526952616905485,1.652710125776398,2.3234285708827747,0.0050135685327326596,0.075622317949974
219,0.0005,0.14017051116379198,0.02490672798699466,0.05529967566028402,0.0599641075165133,1.2933483934347227,1.4005338949052948,1.5369608393513419,2.087161841273344,0.004984157327183405,0.07439307095284507,0.3250795215991624,0.19695684981774803,0.06797794185957913,0.060144729921835186,3.1373278160326437,3.9399778581630884,1.6536116797814746,2.3200666876490654,0.005016608733746209,0.07532902965464568
220,0.0005,0.13664133917466703,0.021504666366560257,0.05533017709302307,0.05980649571508371,1.1689075830242535,1.301372542918869,1.5380867230353166,2.087767906968477,0.0049693996669460845,0.07431767721452032,0.3591149644706706,0.2317266312812851,0.06731288990521486,0.060075443284170686,3.3927852366022186,4.273448561467591,1.6471896120551388,2.30833905772545,0.005006274773067815,0.07531553578268313
221,0.0005,0.13902241189806697,0.023797885318864273,0.055243055133589236,0.05998147144561342,1.223685552539531,1.3690032168571962,1.5368167881554466,2.086122525398832,0.004993590199445374,0.07434407272709875,0.320728783871213,0.19141350476381175,0.06900785192110856,0.06030742718629268,3.1305468238278107,3.883030154707165,1.6633865994338846,2.3395306399730966,0.005008069890982867,0.07563418074692153
222,0.0005,0.13561416053800715,0.02069518371223023,0.055044780028357804,0.05987419679741909,1.1627728989253217,1.276644351262579,1.533217998010385,2.082331918177172,0.004979475686919588,0.07430770335081022,0.3452688142377224,0.2180381197779804,0.06716347267596921,0.06006722178377271,3.2850918270074954,4.144750742037314,1.6440148645462755,2.307869143913739,0.005005603733196581,0.07534214485131183
223,0.0005,0.13794715552800643,0.023466967039574432,0.0547261331675725,0.05975405532085953,1.2632068304135544,1.359451651482229,1.529566695528119,2.0763047770807486,0.004971525362833325,0.07423619866155245,0.31812907236476495,0.19116281587612355,0.06699062997472754,0.059975626513913825,3.106068808775398,3.8811732380870883,1.643705219439374,2.307359850855849,0.004997020216529862,0.07531406737977851
224,0.0005,0.1326315593640237,0.01880581419314713,0.05426636236132933,0.05955938280954725,1.0897798481882721,1.216974155581147,1.5245617109986396,2.0675654394995315,0.004963549201246292,0.07416213510819894,0.36235729177488335,0.2357730263260069,0.06671768545860138,0.05986657999027507,3.4337667886453396,4.311046283370388,1.6399428358772725,2.3041269265193813,0.004977911114092127,0.07568146305547968
225,0.0005,0.13928569040386016,0.02546367705771103,0.05424629518761589,0.05957571815853322,1.2808691929648055,1.416106263923361,1.523955499056275,2.067179420175785,0.00496051734911941,0.07417793703988373,0.3117029001717371,0.18451116512122614,0.06720769423351944,0.05998404081699148,3.049970134533692,3.8120396144242785,1.6434667860167156,2.315167116274385,0.0049879369057942635,0.07574266513418347
226,0.0005,0.13235375667359622,0.01853627267961608,0.054260127854369816,0.0595573561396103,1.0713434986864112,1.2082213055764546,1.5233030023147964,2.0674196708200854,0.0049596668993710045,0.07417042540272033,0.35374708384293063,0.22731764610355318,0.06678671966597281,0.059642718073404606,3.3877558775659016,4.2325178938030765,1.6391242763622627,2.299794476240345,0.004978689239669519,0.07517272453371647
227,0.0005,0.14009552440337883,0.02647064057372701,0.054277915537850246,0.059346968291801576,1.3339098032659953,1.4438348177266378,1.5224866895970988,2.067814123794743,0.004937099660628192,0.0740578579276192,0.3245493644805339,0.19854443360173027,0.0664609251192203,0.05954400575958333,3.1532010873994505,3.955465565180155,1.6388175745161468,2.292236344770021,0.004973240665640269,0.07506709109120677
228,0.0005,0.1352446098638508,0.021700308171251247,0.054274388626151214,0.05926991306644835,1.1297680350287402,1.3072788521820777,1.5242973620369875,2.0676843518228427,0.004935507997466169,0.07402261422032749,0.3609148583878362,0.23541053945743182,0.06612152170216122,0.05938279722824318,3.427044353978479,4.307685933595463,1.632817704465072,2.288138042744379,0.004960543953214524,0.07491613315030879
229,0.0005,0.1422684576594833,0.02821424851101845,0.05484968704352881,0.05920452210493604,1.3047364897671572,1.490628871239908,1.5295800281788507,2.0786295849254652,0.004937548618883092,0.07389028207883279,0.31491676018647247,0.18639919705773525,0.06878077795672934,0.059736785172007846,3.0862552295945376,3.8314271469821497,1.6577106220478715,2.3401946608538458,0.004969062386348944,0.07537216977015518
230,0.0005,0.13521609832512207,0.021235771974435613,0.054704403921190976,0.059275922429495496,1.1225812803272934,1.293210766477201,1.5263660463425417,2.075874789682649,0.004957808943120079,0.07403248532091376,0.34648772450222765,0.22072937862265854,0.06627491928850197,0.05948342659106712,3.3247598336104622,4.170159925427738,1.6327821167070584,2.295619056217052,0.0049814603269679415,0.0752548596163475
231,0.0005,0.13920867855690866,0.025862461849021714,0.05414202068235796,0.05920419602552899,1.2838268186585091,1.4271519540125324,1.5220373375807323,2.0651114697575585,0.004939948354046987,0.07403409894929151,0.3235014195991323,0.19794094761597542,0.06618805875918464,0.059372413223972256,3.139784510837355,3.949612895792444,1.6340479682039062,2.2881292270111206,0.00496888130000802,0.0749835931812795
232,0.0005,0.13345770658579206,0.02114070172880811,0.05325782220597431,0.05905918265100962,1.1970871728464603,1.290312737194521,1.5104322286070024,2.0482295401956057,0.00492288731343375,0.07381795733880955,0.34465443767254106,0.22049445767174558,0.0648471866188228,0.05931279338197276,3.3097797318391846,4.168440173356899,1.6196708403847058,2.2648810762982605,0.004930238655862754,0.07513073937917614
233,0.0005,0.1330319856985608,0.02128954273763903,0.05282406440628368,0.0589183785546381,1.1988228352520875,1.2948469906579063,1.503073593440222,2.0398574610946394,0.0048947619108228885,0.07376498549685387,0.3120047856493249,0.18666210963498753,0.06606190292509716,0.05928077308924015,3.0820979028874733,3.8343841415249105,1.6322101159942657,2.2874955878056693,0.00492826789283294,0.07494281228268268
234,0.0005,0.13165366598850514,0.01950155752880955,0.0532334562350047,0.05891865222469089,1.1317782549914026,1.239281407583331,1.510216409897437,2.0477407139454162,0.004894207000244969,0.07379453015529551,0.34920054927208616,0.22481367029263613,0.0650906821881572,0.05929619679129282,3.36964672452815,4.208621215848631,1.6217540250763594,2.271186672510806,0.004938317079626982,0.0750607918975684
235,0.0005,0.13278097703374916,0.021427728549170605,0.052542741595271246,0.058810506889307335,1.2088757375459673,1.29904247936864,1.502110284556265,2.0344185778729176,0.004900552595915642,0.07372827833123005,0.32001253058473017,0.1955404710274788,0.06532090170616947,0.05915115785108191,3.131710596731459,3.925961373203127,1.6234074593429024,2.277779013172237,0.0049489926972355715,0.07486532730253187
236,0.0005,0.13204954299312285,0.021005545601975057,0.05240306468378247,0.05864093270736535,1.1936046606020907,1.2861815285724747,1.5005758011861348,2.031679394105687,0.004909110703815843,0.07366314757600528,0.33079899845997907,0.20706936348933772,0.06484998304736296,0.05887965192327838,3.195887712698624,4.038819269609766,1.6182353637626479,2.267330877646441,0.0049316460868618,0.07469437620002782
237,0.0005,0.13062781743651652,0.019675948160855272,0.05239537960004039,0.058556489675620875,1.1567115600884343,1.2448101470372095,1.4996788237215772,2.0315153365029204,0.004904007675135665,0.07359183127012738,0.31159132661547184,0.18749975560602036,0.06516933712901665,0.0589222338804348,3.083272195481738,3.843578757679858,1.6208496548591125,2.2745142461195123,0.004920233656974899,0.07467489707143017
238,0.0005,0.13006967728879523,0.019294825630103592,0.05215505854954943,0.058619793109142206,1.1571106345089628,1.23269522597762,1.4965188809320518,2.0268645125650466,0.004874042605788157,0.07363397155467238,0.3415161305882093,0.2181644190282149,0.06447385131139947,0.05887786024859481,3.2815266040834206,4.146485456382351,1.6133937970302619,2.2590341298192005,0.004909379651609649,0.07463833568357324
239,0.0005,0.13185215493187757,0.021491942013190064,0.05188776832129132,0.05847244459739619,1.2154888082443456,1.3009874736053553,1.4924526772536904,2.021656110226753,0.0048629214449536955,0.0735597388250116,0.3099370568028805,0.18679279534901974,0.06438704438379715,0.05875721707006355,3.065037346388994,3.836086846282844,1.6132375699018335,2.2558470697641857,0.004895193432050129,0.07458912973259574
240,0.0005,0.12760756584468466,0.01759704667841146,0.05169684906097353,0.0583136701052997,1.0813380896309295,1.177213348609318,1.4905967726202132,2.017910273768982,0.00484634180983296,0.07350063704964152,0.34695374649675637,0.22413053666047292,0.06426961563580809,0.058553594200475345,3.3519951578174005,4.202436036170641,1.6108219021097783,2.2547660130935747,0.004898849080373641,0.0744094877953313
241,0.0005,0.13352646587523778,0.02380489457866182,0.05159335039262645,0.058128220903949514,1.2589205324539183,1.3692048102489693,1.4874612082423182,2.0159027258699767,0.0048424726380539955,0.0733086214676049,0.3052043186063409,0.18256426905148948,0.0641246396306705,0.058515409924180896,3.027777422073869,3.7925884443984943,1.6097777250043508,2.2512446219581737,0.004877580836157971,0.07446638136268986
242,0.0005,0.1268384983732728,0.01724032854192795,0.051412909447325794,0.05818526038401906,1.0258352344121637,1.1652203314058274,1.487418231249097,2.0123781393126614,0.004853614683260798,0.07341332158944859,0.34772256108495025,0.2254754948547078,0.06377958304006769,0.05846748319017482,3.3717537219935805,4.2149443788445895,1.6063013253041662,2.2453737316063935,0.004926366289316726,0.07442873539070648
243,0.0005,0.1361639700463653,0.026765744552192553,0.05122779728773657,0.0581704282064362,1.3398697669327748,1.4518606991800764,1.4839576108504944,2.0087561464096595,0.0048860510038746295,0.07342711529291347,0.30503788146703487,0.18280362064341457,0.06380329027393836,0.05843097054968183,3.0349511202718102,3.7947259949429517,1.6072131293661522,2.246028951294359,0.004907273664772706,0.0743975350286249
244,0.0005,0.12735257372413936,0.01793233662051589,0.051263465166993115,0.05815677193663033,1.0532521289999042,1.18837560035834,1.485623585478304,2.0094255520922664,0.004880684409979579,0.07335262705436099,0.3501770782075824,0.22784496870551552,0.06385341849317495,0.058478691008891956,3.370324999652327,4.237440462504816,1.6064997074195733,2.250171557941793,0.004883175130758711,0.07449340186511891
245,0.0005,0.13426790465659397,0.024972153297337468,0.0512931139621502,0.05800263739710628,1.2872027834913087,1.4023721586443112,1.4848891006623874,2.0100109040333383,0.004841915717476307,0.07327254750816237,0.3077215489402808,0.1856781513776942,0.06369543327818258,0.058347964284404,3.028228864571996,3.8246607159225263,1.6053543348795112,2.247507298049544,0.004895382700379243,0.074281888387829
246,0.0005,0.12980264989183996,0.020606576530476817,0.051297217890971615,0.057898855470391496,1.1088950551238321,1.2739084200162651,1.4852692105016563,2.010096392434785,0.004835081492309286,0.07323845818536533,0.34238879857241444,0.22041279439035538,0.0638224274141587,0.058153576767900464,3.307394048552025,4.1675628288298885,1.60388211152939,2.2512513819599778,0.004863813724955727,0.0741894355527586
247,0.0005,0.13271064259978602,0.02266872153205569,0.05224048497791848,0.05780143608981186,1.1849702251803291,1.3361302567421385,1.4950488082010924,2.028541539084132,0.004825392521737228,0.07321134572091675,0.3088675155235989,0.18430259733490983,0.06626424867097465,0.058300669517714405,3.0727462510991503,3.809995221034152,1.6299167729031774,2.297214087851416,0.004858577552669901,0.0744512333750587
248,0.0005,0.1293614628497823,0.01982798427998037,0.05172154612179683,0.057811932448005136,1.1169940911829492,1.2496102184770574,1.488713982272757,2.0183795422557513,0.004819202236110028,0.07321996183549379,0.33906896779527335,0.2169964938851157,0.0638319636009765,0.058240510309181086,3.292453941006411,4.134399573419135,1.602687314423198,2.252628991139803,0.004891664488245483,0.07451252876615544
249,0.0005,0.13314324145384035,0.024046093391500222,0.051306221344437936,0.05779092671790221,1.263637149828269,1.3761239384474864,1.4834314051099906,2.0102754002741303,0.0048376016470917755,0.073196282061544,0.3104337114390589,0.18846943559142199,0.06379864880296457,0.05816562704467238,3.0589928318767234,3.8537757092345153,1.602559127540369,2.25317453623213,0.004859250201373505,0.07472474940282484
250,0.0005,0.12765215067294639,0.018973116021197545,0.05089429004073403,0.0577847446110148,1.0820106490416863,1.2223754420356692,1.4786452816045192,2.0021859850730417,0.004816082362103366,0.07316198871766089,0.35051032676359234,0.22962730444919605,0.06279090433853664,0.05809211797585969,3.3796739806893994,4.254087565290417,1.594165926551977,2.2333185697844726,0.004862561165623632,0.07440589629103272
251,0.0005,0.1359349444206979,0.02711034149712001,0.051084738313717855,0.057739864609860046,1.2792840657555669,1.4611768371543217,1.4808568126784747,2.005914885458188,0.0048325526082477295,0.07311998933489194,0.2967487150741984,0.17463327144669744,0.06399593470210987,0.05811950892539117,2.984099320817381,3.7085536119146916,1.6081875672095398,2.259027896061103,0.004857015765437197,0.07456187128394591
252,0.0005,0.1271654303242336,0.01879652761386172,0.050907887158203304,0.057461015552168586,1.0369656366887345,1.2166736388802093,1.478121510875602,2.0024383242067563,0.00481321554778544,0.07297041330302698,0.3450721450598687,0.22283600243379498,0.064285293834212,0.05795084879186176,3.346590841899784,4.189599640936025,1.6072671961430973,2.2650858568082928,0.004850009293792465,0.07440364745784547
253,0.0005,0.1371963533300012,0.02833787697635957,0.05139081368519632,0.05746766266844533,1.3473442734259193,1.4938911010888352,1.4855423839238096,2.011927583632722,0.004791501704404289,0.07298289567790271,0.314288974998014,0.19233022045298412,0.06386053810954107,0.05809821643548877,3.090846294391663,3.893264371459417,1.6066116455954365,2.2546772636740853,0.00485743895397757,0.07426079526034982
254,0.0005,0.12853142487551608,0.020626594591029702,0.05040817340091469,0.05749665688357169,1.1561312191998747,1.27452703285642,1.4726945038803934,1.9925745118516165,0.004788589761422696,0.07299598463189937,0.3369684391041952,0.2172217460907455,0.06195220777664735,0.057794485236802424,3.28805227975063,4.137265553904607,1.583423790757211,2.213543181492251,0.004834002108268343,0.07396596101770522
255,0.0005,0.12850818609421058,0.021186754189844424,0.04998635051819069,0.057335081386175456,1.1647123234341803,1.291717367752538,1.4655365588217029,1.9842051779585959,0.004794101524489589,0.07296268294587678,0.29216622501036466,0.1719070766994671,0.06262171500571183,0.05763743330518578,2.9486995936721434,3.6795478943265842,1.5903299859085276,2.2276473755113426,0.004820573100855061,0.07395023622622761
256,0.0005,0.1244016734415065,0.017663276114887813,0.049549344046211564,0.05718905328040713,1.0584860611457005,1.1794265880236814,1.4600228462613012,1.9755150649884137,0.004771130355417879,0.07284715730492715,0.3388357996809807,0.219289489686808,0.06192865784993385,0.05761765214423889,3.3230518172890706,4.156356650919013,1.5819984147132033,2.216700722644088,0.004829341069820341,0.07406527564238258
257,0.0005,0.13016594020573075,0.023462002831324904,0.049498923204667915,0.05720501416973795,1.250037257084429,1.3593078544983928,1.460476863634964,1.9744941813659402,0.004790441884435742,0.07286573955998925,0.304547194440186,0.1855498528445189,0.061543803073465554,0.05745353852220165,3.0409713758235557,3.823212806652375,1.5790258510605046,2.2085006170322674,0.004832385408091557,0.07394673771032459
258,0.0005,0.12599844528169277,0.0195220901710892,0.04938650795861201,0.05708984715199154,1.1129271487695767,1.2399336382546642,1.458722918810208,1.97227856364309,0.004791588617674787,0.07276765810733626,0.33363361568854394,0.21433858895750738,0.0617427334328742,0.05755229329816241,3.269468560973882,4.109300185374474,1.580027129040411,2.2106487517876454,0.00483827119629083,0.07394429689387189
259,0.0005,0.13202412908205197,0.024868009555528207,0.05005400623588511,0.05710211329063866,1.259064203142708,1.3994448806049655,1.4663505106783783,1.9855739028902575,0.0047903353893087785,0.07275747374550957,0.2956607941882833,0.17433550085677915,0.06364383344499312,0.05768145988651098,2.97268033924103,3.705461722803423,1.6034220306987905,2.2470843438193664,0.0048162581357034055,0.07400760141321049
260,0.0005,0.12507660992741637,0.017997599792196412,0.050042381281977556,0.05703662885324242,1.046935745909688,1.1905361309341003,1.4666772527434182,1.9853057739888098,0.004763702326396809,0.07281023865561992,0.33205101011322274,0.21271029466493308,0.061932814266680916,0.057407901181608746,3.2683390855080368,4.093240917523587,1.5828218899281339,2.217507187028556,0.004809509951320713,0.07386203880972536
261,0.0005,0.13147904769518598,0.024783795206913442,0.04975128582985885,0.0569439666584137,1.2797088224043214,1.3970732938359325,1.4629418108396868,1.979533119486301,0.004752451537151956,0.07275018360652705,0.3110946806818802,0.19175478471838717,0.06186953282367642,0.05747036313981658,3.068986898306411,3.8872324784986723,1.5837563676982511,2.209662643550987,0.0048404937143113206,0.07378602237089867
262,0.0005,0.1257444983784259,0.01949290136982582,0.04934027778749623,0.056911319221103866,1.1160560420503218,1.2390063370584297,1.4571882040120256,1.9713302441534286,0.004764780625307462,0.07274961839695668,0.3260998465060876,0.20790043596868343,0.06104873406682348,0.05715067647058066,3.215975613737749,4.046654659068052,1.5732606080307734,2.1960141587750415,0.004791601161702681,0.07361922254847603
263,0.0005,0.12631862870901397,0.020196242978046598,0.049240337038014,0.05688204869295338,1.1419133623407067,1.261161134296822,1.4550999032416756,1.96934173606368,0.004753313351865073,0.0726823266779301,0.3008291508689237,0.18014062488804686,0.06307505850244491,0.057613467478431955,3.0464050066759643,3.7667975601229045,1.5944059155086758,2.238134227209431,0.004798775313430134,0.07407803952279814
264,0.0005,0.12601179300594637,0.019858273506263683,0.049218173479541695,0.056935346020141,1.1338320328083777,1.2505643064569159,1.4552989417286026,1.9688776647627406,0.0047542170306526035,0.07271784530483388,0.31804102236797677,0.19963036902937323,0.0610617872153694,0.057348866123234095,3.1472404931827787,3.9655532006117262,1.57146094120666,2.200987718600762,0.004812018383094793,0.07387038011164095
265,0.0005,0.1254112185298812,0.019830513619565844,0.048862807633713,0.05671789727660239,1.1475252926163757,1.2496899186636354,1.4505631484091777,1.961747953642595,0.004738714555647398,0.0725777746793719,0.3035356878370362,0.1858349302249928,0.06070986653394528,0.05699089107809813,3.0471648077358915,3.826748067967986,1.569500546836975,2.1905760464178194,0.004784979439789615,0.07348189998355409
266,0.0005,0.12467683177753604,0.019444219795079095,0.0486263613082912,0.056606250674165755,1.1504221719066303,1.2374582225792048,1.4486398681913968,1.9570185868782024,0.004727121547242062,0.07251636236387725,0.32022167857902023,0.20230912133998358,0.06079112419682365,0.057121433042213024,3.166942205920838,3.992113250333537,1.5704820877859567,2.191488500512241,0.004766508058361839,0.07367322961713117
267,0.0005,0.12389459372399908,0.01898385730322204,0.04833897359506576,0.056571762825711275,1.1263483056216685,1.222721405806188,1.4443277705976694,1.951222958963566,0.004711034521091709,0.0725662236963528,0.2960874204981161,0.17782625769930263,0.061144223677531764,0.05711693912128169,2.99896367799188,3.742734030921591,1.5725086917353948,2.2004984305416864,0.004764145431014241,0.07378111053913333
268,0.0005,0.12259825561866317,0.017689487107796064,0.04828951792770838,0.05661925058315872,1.0836325241881994,1.1803013544545413,1.4427161047943342,1.9502122403428865,0.004725254593778469,0.07259072848579255,0.32515271318459216,0.2079037689884545,0.06034639485028767,0.05690254934585002,3.2263615348330563,4.046992049229506,1.5646458984766778,2.1889154855343684,0.004811082653789251,0.07356750838470733
269,0.0005,0.1257542284368563,0.021129921567096574,0.0481596588406448,0.05646464802911491,1.2060719925522367,1.2899837142158483,1.4420557002969663,1.9475977285932942,0.004745494749010859,0.072476691409735,0.29782743872234896,0.1806531770908629,0.06035906028495,0.056815201346536066,2.99697677599152,3.772671494882902,1.5638536813235593,2.188788675471121,0.004754032887413756,0.07363301228432453
270,0.0005,0.12179271868603103,0.017277130803424478,0.048108223860488165,0.0564073640221184,1.0701809256135644,1.1664633437564536,1.4404296823988507,1.9465674236032633,0.0047107368186300284,0.07249126487927196,0.3225499495898178,0.20551646253367895,0.060247700426851264,0.05678578662928754,3.207025571007878,4.023619938851881,1.5610181442220226,2.1872265152899586,0.004761059737234797,0.07352444322297053
271,0.0005,0.12439403214421922,0.020059554566811306,0.047871013873065936,0.056463463704341965,1.1560308080027035,1.2568861119307821,1.4375339113285683,1.9417381031126393,0.004728328987344954,0.07247123731196985,0.28832749152846043,0.1705275347268847,0.06082046149804271,0.056979495303533044,2.939462270331588,3.664862386085833,1.5682576432589812,2.1947508127217974,0.00477945438477887,0.07365272091694214
272,0.0005,0.12204377765568934,0.017907703087998956,0.0478138487171344,0.05632222585055597,1.0918009508100837,1.187559087985841,1.436707057793627,1.940576328993307,0.004710744033829439,0.07238815803563899,0.3218114341036061,0.2046487375345764,0.06044654197048512,0.05671615459854454,3.1914103560814673,4.014898911048591,1.5648969720729997,2.187682655902939,0.004755388375500308,0.07348312685133976
273,0.0005,0.12430148439417493,0.020221943893505078,0.04787351424239265,0.056206026258277204,1.1686486047376423,1.2619633302851585,1.4384139824346114,1.9418060635941865,0.004705794454710191,0.0723458978751985,0.2939047601752396,0.17756888514784402,0.05977363786515842,0.056562237162237156,2.98009617472274,3.740248166366791,1.5586418105783884,2.1799257363096216,0.004761923599530838,0.07362555652658881
274,0.0005,0.12174509356559916,0.018134373764315745,0.04758046832983139,0.056030251471452026,1.078719578130833,1.1950513485034993,1.4343306087746757,1.9358279582311149,0.004689768699340838,0.07226387656155606,0.3263384067736199,0.21079463465884488,0.05911447622913494,0.056429295885640086,3.2485874574557356,4.0751059097321845,1.5523110432581244,2.1610517696139193,0.004739128400800526,0.07313027788392636
275,0.0005,0.129123067760394,0.025438858739167045,0.04762176103211894,0.05606244798910801,1.2653396217266544,1.4154159876511236,1.4339924750355553,1.9366802078370118,0.00470911058775473,0.07217031142707284,0.28314267037572666,0.16652618313918102,0.060068954819823196,0.05654753241672246,2.904234301456777,3.6214230579094893,1.5602903259633347,2.1808107938484196,0.00475297634237446,0.07339683192112662
276,0.0005,0.119704618490744,0.01594670838312361,0.047761148308301964,0.05599676179931843,0.9560809362814103,1.1206521047833164,1.435138491651142,1.9395321190659374,0.0047000904650139515,0.07226124373219608,0.3234393055209651,0.20634229437059468,0.06060342671371661,0.056493584436653886,3.211343193929924,4.031620226754436,1.5651147288105478,2.1892708650964825,0.00475171690902799,0.07329445064069325
277,0.0005,0.12984629036666293,0.02592608035055291,0.0480339361560665,0.055886273860043495,1.3003683776409096,1.4289061857321153,1.4400649267296999,1.945024608354039,0.004685268607892371,0.07213563755924787,0.30151456257889586,0.18452179544306185,0.06043257069685459,0.056560196438979436,3.007564363030376,3.813425883732948,1.5631489606317657,2.1842711130294807,0.00475626407635039,0.07321510732542261
278,0.0005,0.12371844899266994,0.01999273957727315,0.04774950106687934,0.05597620834851746,1.120120764796209,1.2547911282441386,1.4356504348126446,1.9392712043273608,0.0046871118143642435,0.07214428615143063,0.3217160598684529,0.20644831673337494,0.058872271988709486,0.056395471146368496,3.1910994049816304,4.03312436474815,1.5485648781520625,2.1576300357401075,0.004730836711520419,0.07325966590826116
279,0.0005,0.12465452659864713,0.021045925523179396,0.04757846910163035,0.05603013197383741,1.1705243073179843,1.2874171778211778,1.4321710612519698,1.935807280496363,0.004688710373427529,0.07226507013505683,0.28731729457316546,0.1701512381931783,0.060504660814605676,0.05666139556538156,2.937445933196197,3.660675528302281,1.5637942565773455,2.1916554585167614,0.004747524704946184,0.07369360413017446
280,0.0005,0.12057655847117592,0.017205043323254867,0.04749668031043388,0.05587483483748717,1.044422938083449,1.1640273114283581,1.431554184800707,1.9341606381334144,0.0046809076508862015,0.07216438963462055,0.32283181106593667,0.20651180271621591,0.06001240008618845,0.056307608263532274,3.2175016273901087,4.033171121625845,1.5575105288500717,2.182636044323969,0.0047316280056376005,0.07330134655763507
281,0.0005,0.12556636223201975,0.022232391130898952,0.0476414793049721,0.055692491796148706,1.2145251572582907,1.3232087744760501,1.433279676299732,1.9370731910498566,0.0046558348576157555,0.07204872085001712,0.29869950393524436,0.18262373376488816,0.0597218254645849,0.05635394470577129,3.008820728259427,3.793161495317049,1.556669562855112,2.1749127012311065,0.004729195761937512,0.0732226164690183
282,0.0005,0.12144745821849524,0.01820070715965572,0.047470075201479604,0.05577667585735995,1.0995979702700114,1.197235031701346,1.4308787779350434,1.9335757439356958,0.0046634901738750725,0.07212379563842365,0.31440032969673565,0.19954942496318478,0.05866766726946377,0.056183237464087134,3.1536566073407633,3.96457363366318,1.5451905547641787,2.154393701737856,0.00472364890079536,0.07309589029109669
283,0.0005,0.12291283543502562,0.020494664259688777,0.04669250222733565,0.055725668948001204,1.1660978999601015,1.2704444754743374,1.4201503422253017,1.9176803905907132,0.0046678012207793645,0.07204682081647751,0.28420786660988806,0.16942799486915108,0.05851463092267779,0.05626524081805923,2.9249570668418805,3.6528444048171913,1.5434003883018248,2.150029477682989,0.00472153016436427,0.07319009146775425
284,0.0005,0.11880794817746626,0.01668913129549379,0.04644731583169832,0.055671501050274165,1.0299499191397223,1.1464421650532592,1.4164444063453612,1.9126289409801907,0.004675551131931731,0.07197679974400616,0.3200190119914544,0.20542966687401892,0.05851099141420715,0.05607835370322837,3.2004404089749414,4.022523656945724,1.5416522563429955,2.1556859729157454,0.004718791159761054,0.07341633557955868
285,0.0005,0.1237799402368298,0.021766123402064838,0.046512423192905335,0.05550139364185963,1.210553192747041,1.3092597853674206,1.4182094220006993,1.9139666995729188,0.0046501337373457885,0.07194511520645384,0.2875789944030921,0.17278715295845337,0.05863700258986612,0.056154838854772536,2.9036252282663315,3.6896720553754316,1.5430048763805113,2.158055311603991,0.0047370476157979746,0.07320962108463255
286,0.0005,0.12043523040988661,0.01848613345047123,0.046515443312083155,0.055433653647332215,1.0826968098119867,1.2065861250049494,1.4182801498391153,1.9140299291772405,0.0046594828581530455,0.07188512687500581,0.3123970402580259,0.19779801143597014,0.05871153262823696,0.055887496193818866,3.12938260802129,3.947229240627233,1.541927944945346,2.1609904731782064,0.004685258005816396,0.07301400769095386
287,0.0005,0.12163247179027999,0.01973842312946852,0.04657087834197484,0.05532317031883666,1.1497078972701416,1.2467848381374877,1.4175450983980762,1.9151678267532717,0.004638006206334361,0.07190680659264047,0.283265354532221,0.1679492523572575,0.05937073136998267,0.05594537080498084,2.9133595980797935,3.636934267595484,1.5472196894210517,2.1744733887405863,0.0047105473792956295,0.07295952010214651
288,0.0005,0.11783687311712367,0.01599658691069485,0.046415864140346895,0.05542442206608194,1.0161179577971822,1.1224033387996775,1.4152904846337049,1.9119754300996565,0.004672818089484806,0.07189805080513624,0.3159354468624107,0.20144517597618927,0.05855864530147148,0.05593162558474992,3.177316707860157,3.9832643338858866,1.5404862505350643,2.154490515227306,0.00475494522389861,0.07297737875302734
289,0.0005,0.12246195092903812,0.021057452805256185,0.046115775032245454,0.055288723091536505,1.2008850429951017,1.2877697018500491,1.4120107837911855,1.9057826551153583,0.004655695915435292,0.07180236052301388,0.2920496431343769,0.17762214889487687,0.058519551965710674,0.05590794227378934,2.9627239168030286,3.740517708506714,1.5414153460369735,2.153330281052214,0.004696871322206214,0.07298136805900217
290,0.0005,0.11783566924585039,0.01652813233231942,0.04599192137268027,0.0553156155408507,1.0312424530205855,1.1408989373958556,1.4103187801425603,1.9032390804876596,0.004618123783832875,0.07184656464159178,0.3182461364011413,0.20472246940564476,0.05778256801490331,0.0557410989805933,3.197629688493437,4.015731590902175,1.532201421508743,2.1448752713523143,0.0046868984779074585,0.0728860128847862
291,0.0005,0.1208473968629722,0.01992343475597794,0.0457180610853808,0.05520590102161347,1.1445693773411987,1.2526143737808797,1.4057715111060505,1.8975508896091844,0.004630712510689273,0.07176966325711251,0.28218223972928924,0.16847203196279464,0.058041326567381625,0.055668881199113035,2.9254611234922687,3.642530938455203,1.5348731954977297,2.141717704494337,0.004680466913622989,0.07283857692396657
292,0.0005,0.11723957105399448,0.01660762661554927,0.04554346836574272,0.05508847607270251,1.042929878632121,1.14363930003305,1.4023489405547906,1.8939446766979648,0.00462580988453706,0.07174366408845186,0.3142184473950559,0.20069812676889542,0.057870120810450336,0.05565019981571016,3.171587204416069,3.9757822135756293,1.5316924846417423,2.1384177982173207,0.004679607319864701,0.07278367851598747
293,0.0005,0.12135604898846813,0.021027959678626865,0.045290660867193994,0.05503742844264728,1.192699257301707,1.2868675589557121,1.4006778427085511,1.8886722501807922,0.004619889116195236,0.07161733985809268,0.28244373473058626,0.1693113318039266,0.05745808895588604,0.05567431397077364,2.885868301807349,3.6519637739794244,1.5286140949689861,2.133444932507463,0.004684300566634295,0.07281907382659795
294,0.0005,0.11731528527664505,0.016989424219381686,0.04525266107618725,0.055073199981076106,1.0002082994130317,1.1567103332492654,1.400309438011326,1.887906264200492,0.004626262289793847,0.07169636856713835,0.3239918303126361,0.21134979564135598,0.05725691379328866,0.05538512087799151,3.2717060595366743,4.0803065991875105,1.5263301067034973,2.129772772583499,0.004684916605505921,0.072581755903081
295,0.0005,0.12674061516746907,0.0266972686683558,0.04523050388181663,0.05481284261729663,1.2970690525598176,1.450002332939896,1.399289748571448,1.8874192552179427,0.004609734990024678,0.071557618575963,0.2713372286482787,0.1586466465711338,0.05738703858006156,0.0553035434970833,2.7865196705246102,3.5348842003834884,1.526841205291873,2.1318153585436077,0.004667649982809424,0.07266420578749902
296,0.0005,0.1167949915188846,0.016938180850318008,0.0450511911587439,0.054805619509822705,0.9363602294992209,1.1549645855213648,1.3967543511341527,1.8836516729470956,0.004614736116595408,0.07151466874467355,0.32804819181441597,0.2161549977957157,0.05683630694267305,0.055056887076027225,3.315449171656549,4.126249980314353,1.5211816418770445,2.1186843647237446,0.004672134835857912,0.07241262029897283
297,0.0005,0.1259575054813202,0.02656153905436719,0.04500956017828952,0.05438640624866353,1.3105179639312203,1.4463117112159998,1.3957631419620007,1.882816809701856,0.0045948999987129435,0.07132685744698325,0.2751338661824081,0.163097990798645,0.056993921195183976,0.055041954188579045,2.8580004174464344,3.5839622135895013,1.522045149437767,2.1232423841593557,0.004635357829004749,0.07253863647512604
298,0.0005,0.11624618632278061,0.01677596402755015,0.044954297987255164,0.0545159243079753,0.9745770597108129,1.1494207369360263,1.3947742669704128,1.881628539741708,0.004576219110898645,0.07135470136204251,0.3178953221372197,0.20610914078966036,0.05679734781941975,0.0549888335281396,3.218848337653357,4.029223348911403,1.5178430276142048,2.124825625658285,0.004630755152633989,0.0725533547420556
299,0.0005,0.12378199262263441,0.02460144615630817,0.044729383695051285,0.054451162771274965,1.2879982253212567,1.391924257655878,1.390824990739855,1.8769690131690466,0.004566172787240213,0.07132942499236143,0.27436137070124156,0.1627291357639914,0.05668312598038199,0.054949108956868206,2.838645289441039,3.580113220191145,1.5172091981991571,2.1212114258833017,0.004637887650497506,0.07246257592764785
300,0.0005,0.11586127833535383,0.01685126500573857,0.04461581302055287,0.05439420030906239,0.9977231985003187,1.1519975068249102,1.3895392064862568,1.8745421067337424,0.0045902588175905845,0.07133077291629078,0.31784875777714283,0.20683890171605743,0.05617815732285254,0.054831698738232876,3.226078486971126,4.036375502384329,1.5121064033555411,2.111526863947195,0.004625806536094097,0.0723081135570984
301,0.0005,0.12342689140935496,0.024424218603914,0.04472905776361998,0.05427361504182099,1.2431071448363973,1.386901520046939,1.3904304321062217,1.8769066722876193,0.004563682667564924,0.07132452838179376,0.2724247533042925,0.15926992747696161,0.05815277086220454,0.05500205496512629,2.8338563834315176,3.5416360909655538,1.5335649846713937,2.152498316929335,0.004622593216612938,0.07242965076052732
302,0.0005,0.11607474978473702,0.016595319626620895,0.04511680800173438,0.05436262215638176,0.9774614287021851,1.1432154777416972,1.3971313150594054,1.885037679572672,0.004567347326136049,0.07128242041064763,0.31616184506574146,0.20334699674827922,0.057865260498947316,0.05494958781851491,3.2139260841254527,4.001811271722466,1.5313959075549686,2.1412972433344315,0.004635093153619683,0.07241723701771126
303,0.0005,0.12630443764487534,0.026379742210099342,0.0454858064349291,0.05443888899984692,1.2959648319851436,1.4413536710143124,1.4027769432520114,1.8927254396617492,0.0045666931853327,0.0714144484052736,0.2941434352630677,0.18087071307225092,0.058108684555964955,0.055164037634851844,2.9688601468232942,3.77507624536956,1.5356971305465503,2.142601647584463,0.004670804626535798,0.07248814345480355
304,0.0005,0.12099395622412296,0.02086417667173414,0.04569384537626411,0.05443593417612474,1.1238652378045213,1.281846171852619,1.4030457859756917,1.8970389284912041,0.0045924358527600646,0.07138224038023964,0.3094399868490146,0.1984759480068265,0.0562085395798419,0.0547554992623462,3.1383138549130107,3.9539170442621088,1.5146953634878988,2.105779563207802,0.004633292606356722,0.07205104022519544
305,0.0005,0.12184254662931332,0.021596761688260798,0.04582637717186439,0.05441940776918813,1.1452022858976878,1.304156177829355,1.4056108618347507,1.8997831232098494,0.004582360876578868,0.07124480048803562,0.27701872286715534,0.16252638612033316,0.05944281459257541,0.05504952215424679,2.879042431026353,3.577644833401424,1.5494531455135947,2.1661980678419552,0.004635466583841027,0.07235652816150077
306,0.0005,0.11881079940912063,0.019443809358320463,0.04498973450363052,0.054377255547169656,1.0856731443608365,1.2374451621276046,1.394370952692812,1.8823617199292022,0.004569662546226676,0.07132955114711731,0.30269181332199474,0.19113719977790025,0.05659889105245606,0.05495572249163843,3.1018596407047365,3.8797925654423833,1.5163847810330517,2.1156037361962117,0.004642189949678497,0.07256683172651812
307,0.0005,0.12296105372818511,0.024233216821574727,0.0445331456516474,0.054194691254962984,1.2530527456631912,1.3814679666979726,1.3893219186972274,1.872784875357482,0.004551398407439782,0.07125859981730935,0.28260646820856794,0.17168031930435226,0.05621162625445724,0.05471452264975852,2.9035819938511724,3.677759761039486,1.5139107390851423,2.106769609659387,0.004635282231113028,0.07226473862367376
308,0.0005,0.11963826728363885,0.02109603725426702,0.04438364102439835,0.05415858900497347,1.138166114271326,1.2889489789531605,1.3871385849148437,1.8696548012909313,0.004554188211145075,0.07123428801527684,0.3041048550162737,0.19351786069565574,0.05584559402134675,0.054741400299271145,3.094476600636869,3.9041551344756216,1.5079931937448519,2.1001568208764705,0.0046106803261685555,0.0723866862864944
309,0.0005,0.1174330005753824,0.01862402408511541,0.044648135342265825,0.05416084114800115,1.1032538703888026,1.211077811212828,1.388886688620467,1.8752038428376763,0.0045639101592373195,0.07123831436907602,0.27800125921914387,0.16588190931170954,0.057306044272717224,0.05481330563471715,2.9021194008902644,3.6145831750046256,1.5222467069599948,2.1279568496163,0.004623803195241554,0.07234224724928535
310,0.0005,0.11573254243842634,0.0173840451807841,0.04415701132630914,0.0541914859313331,1.0776307465056205,1.1700669328889493,1.3827378809674509,1.8648609345087501,0.004561418337194636,0.07125207714941907,0.2928614939351178,0.18227834678524824,0.055907292825621645,0.054675854324247895,3.0242514022612474,3.7888274203589205,1.5081102539242996,2.101190189142665,0.004606190155751446,0.07215094250259739
311,0.00025,0.11648327927676473,0.018669179497103828,0.04368201221915335,0.05413208756050756,1.1379101022880287,1.2125450990814712,1.3764511690331485,1.8548023986779352,0.004541926398515787,0.0711417390237453,0.28404919553477737,0.17391920684132092,0.0555193583107972,0.054610630382659245,2.9501089291150753,3.701311516294865,1.503579162747642,2.094249991935496,0.004592814888237436,0.0721847698411129
312,0.00025,0.1080180244617724,0.01038855145334826,0.043624906812596044,0.05400456619582809,0.7839182831169409,0.9045087709292449,1.3755998609997744,1.8536089723849265,0.004547273690011239,0.07113285063981636,0.27663081768514686,0.166308123825504,0.055939482505471594,0.05438321135417129,2.899153037425547,3.619176305318125,1.5079684606440948,2.105418771502825,0.004596523487093672,0.07212277396009388
313,0.00025,0.11326577189863217,0.016585036012280695,0.043094452932392883,0.0535862829539586,1.0208143105154122,1.1428612149360222,1.3680090599587198,1.8422825485006846,0.004519187227894248,0.07091021069198102,0.28650189791314296,0.176740934601301,0.05537417567973836,0.05438678763210359,3.000352344896778,3.7313032658168894,1.500053197449415,2.0974726761039624,0.00459499009744354,0.0721542580186553
314,0.00025,0.11233270190500856,0.015483904548635885,0.04313363048059728,0.0537151668757754,0.9892476971069651,1.1042706456915061,1.3682609054275996,1.8431213278000251,0.004528324866289198,0.07096536214828979,0.2877101101670597,0.17813503409996093,0.055281730291537615,0.0542933457755611,3.0088700050089487,3.7460367273552566,1.499540712087759,2.0952556447518624,0.004584673394336495,0.07211594777319767
315,0.00025,0.11316218067013946,0.016526159874113853,0.04299844913999637,0.053637571656029226,1.0515476825382106,1.1408308582412123,1.3669680402264042,1.8402327879032987,0.004518341087409307,0.07094389051945839,0.27694509323079985,0.16755088322370318,0.055186210408628755,0.05420799959846789,2.906152632382557,3.632789115449727,1.4991942771748257,2.092046982681122,0.004568612363295029,0.07210676873466125
316,0.00025,0.1133400257739861,0.016929339504262477,0.04285394551791099,0.05355674075181264,1.0531711326598794,1.1546631135237075,1.3643452748314626,1.837144743735568,0.004495732812192636,0.07088652158406969,0.2743083892267677,0.16510533924147655,0.05502553172461322,0.054177518260678,2.8869951354406345,3.6060672737563073,1.4968216491210427,2.088959437030618,0.00455681415743521,0.07200511449830034
317,0.00025,0.11299741098831491,0.016650757525398227,0.0428951921351123,0.05345146132780438,1.0269650628103097,1.1451233838364043,1.3643165880050492,1.8380218562022073,0.004490079791439112,0.0708140376691634,0.27413329619556476,0.16507452112679236,0.05495574151511529,0.05410303355365713,2.877324108818359,3.605790938400496,1.4969330131134744,2.0871411504039092,0.004556778286316267,0.071906684050613
318,0.00025,0.11319924292510003,0.0170972317527925,0.042642147125487785,0.053459864046819745,1.0323604251684373,1.1603745211911076,1.3612987389723867,1.8326083707051473,0.004492669212556047,0.07082837132471728,0.2701648005745673,0.16125745087663035,0.054783836924334445,0.05412351277360252,2.8456871314574887,3.563810589570339,1.4942367470414764,2.08519470105625,0.004566731544237243,0.07191617257824187
319,0.00025,0.11268781394527831,0.016437758849644237,0.04273233803737547,0.053517717058258564,1.0050059333276518,1.1377755251925135,1.3620712470973921,1.8345292653077243,0.004505470176244761,0.0707982293629517,0.2691848004497225,0.16023647595642382,0.05482152391305048,0.054126800580248206,2.8262010389114307,3.552539226330627,1.4941194750901352,2.0865850063227644,0.0045611178353387365,0.07193354571760183
320,0.00025,0.11281379658849632,0.016889998930003137,0.042576748794608016,0.053347048863885145,1.0293956690620865,1.1533207241634433,1.3598868833471454,1.8311856368667385,0.004483758491392756,0.07075403536876279,0.27115881569517036,0.16212194221170914,0.05493688846628713,0.05409998501717412,2.848170471769661,3.573354792066996,1.4951716747103776,2.0883155235179087,0.00455097317953466,0.07197784502663492
321,0.00025,0.1128840734304769,0.017018340524368274,0.04255583827531797,0.05330989463079069,1.0254206549097171,1.1576942856251446,1.3595647403150897,1.830732560416866,0.00448078793425297,0.07078441946068262,0.2699284776434871,0.16104558276464562,0.05486153638952283,0.05402135848931866,2.831124584411879,3.5614640299314977,1.4932384163699457,2.086592165868038,0.004565236053268425,0.07194522437482789
322,0.00025,0.11172940011845477,0.016165636164741152,0.04238558250603394,0.05317818144767964,1.0153481026734508,1.1283184377782565,1.357505628711461,1.8270652484074619,0.004481119136371302,0.0706856085543482,0.27586195981188366,0.16723947897923033,0.054607192023708624,0.05401528880894465,2.9061330271887362,3.6293064273280264,1.491544653918191,2.0819172353141986,0.004560273224225545,0.0719628034867445
323,0.00025,0.11073668384112632,0.01503103337030687,0.04242368585806534,0.053281964612754106,1.0067141832747484,1.0880020269342063,1.3569611347511097,1.8279011161026752,0.004493089528371418,0.07071968186058417,0.2752227880178197,0.16673254677516242,0.054518289963276234,0.053971951279381015,2.89971453422427,3.6238995900577335,1.490445597290838,2.079670418371595,0.004555731088935091,0.07192204272722068
324,0.00025,0.1113813405315403,0.015657694437897128,0.042404071303558104,0.05331957479008506,1.031502401449148,1.1104504685993897,1.3571696422702801,1.8274650999990834,0.0044767326745286645,0.07073147883811383,0.2776321985196871,0.16911516135168117,0.054539187581752586,0.05397784958625329,2.916288235653212,3.649843646562075,1.49042300226247,2.079703363626574,0.004552720155374831,0.07194983968274454
325,0.00025,0.11076590582877927,0.015121439435402347,0.0423402025871037,0.05330426380627321,1.0092860791782847,1.0912690851620308,1.3558088255575158,1.8260887856874215,0.004481999392077954,0.07085480749643992,0.2747349460025526,0.16600011139773863,0.05479743422237744,0.05393740038243658,2.893137972060383,3.615884406205558,1.4920005525046671,2.0839577178506836,0.004551460009803077,0.07187344407543146
326,0.00025,0.11100841790347643,0.01566873107886774,0.04222135887984236,0.053118327944766335,1.0160308738642037,1.1108417613430828,1.354715641936615,1.8235225985138197,0.004467823261761501,0.0706682203462648,0.27296062035472435,0.16496610698449105,0.054205065227444345,0.05378944814278894,2.874871414585429,3.604687609336706,1.4863397288738307,2.0695895840209175,0.004548631820022395,0.07170951509481416
327,0.00025,0.11170593509992038,0.016390535307248377,0.04218748457772172,0.0531279152149503,1.0298604119534098,1.1361400091699307,1.35400182066719,1.8227901018006523,0.004478666798617721,0.07063319467506332,0.2718780581161856,0.16369782396643884,0.05436557785277577,0.053814656296971006,2.868405882583912,3.590729938409824,1.487423135070218,2.0745193260903934,0.004557040163344434,0.07172101674203717
328,0.00025,0.11151989622369374,0.01641575002527066,0.04209282121167695,0.05301132498674613,1.0260069472233169,1.1370135755365505,1.3520015754043333,1.8207496716135376,0.004479623120166411,0.0705614870713757,0.27286845509222585,0.16476754111137312,0.0543539858378246,0.053746928143028116,2.888589152825236,3.6023574430560195,1.4867011654625608,2.0751948484537897,0.004542905617071728,0.07175191952336309
329,0.00025,0.11091324676467164,0.01582572510697514,0.0420958465710407,0.0529916750866558,1.0046546478584375,1.116392972048301,1.3519950117390236,1.8208090081529502,0.0044744732195362465,0.07056237986285051,0.27126814819796874,0.16335529275720695,0.05423982368008427,0.0536730317606775,2.8589167943848026,3.5869188595486987,1.485664924093115,2.072054115471617,0.004552882832665831,0.07166160115437975
330,0.00025,0.1114037629968907,0.016451698461202372,0.04196688523731151,0.052985179298376824,1.0331775668199004,1.138257853349407,1.3504283722627253,1.8180193459663971,0.0044759983297174046,0.0705691016705207,0.27170908541432404,0.16370463735724802,0.05419179144411246,0.053812656612963576,2.8725503120050857,3.5906836476438895,1.486202933755728,2.0707871340202764,0.004557784496992221,0.0717665715422595
331,0.00025,0.11111532921363998,0.016107105910898152,0.04199062873108566,0.05301759457165617,1.0227120382795742,1.1262739574285143,1.3509520723307815,1.8185370795917837,0.0044711168567147675,0.07058970222723307,0.27036364855421374,0.1624605722196242,0.054168164731478716,0.0537349116031108,2.852823051054254,3.577061094292197,1.4851592097328066,2.071198842293575,0.004543917331846281,0.07172171150877589
332,0.00025,0.11071005020049692,0.01589004437399961,0.04186530618261939,0.052954699643877896,1.005886759928841,1.1186593063429027,1.3489111033475967,1.8158183184696635,0.004456613279732832,0.07059724296407209,0.2684193755417409,0.16063122402927762,0.05405984592132007,0.05372830559114322,2.831186483553349,3.5569310416881583,1.484165808715189,2.068586863855364,0.004537768430924644,0.07169704062372516
333,0.00025,0.11124261562663251,0.016443307621230904,0.041805317534594356,0.052993990470807245,1.0168087041630576,1.1379675441887225,1.348490795119888,1.814514878716546,0.004460371364347464,0.07058718489623916,0.27095969043571194,0.16319364485862664,0.0540595957706657,0.0537064498064196,2.857616095524431,3.58517274049195,1.4831961439914065,2.0725963692659177,0.004533416896913204,0.0716806205203967
334,0.00025,0.11175590263151769,0.01717595220645989,0.04175333505230323,0.05282661537275457,1.0345000601550096,1.1630427983352682,1.347562443801426,1.8133857601024497,0.004453960549707565,0.07046869413399973,0.26887863810941326,0.16125463314128693,0.054066739698472706,0.05355726526965359,2.85110431005303,3.563730632513656,1.4828989373318666,2.074319875856677,0.004534812172161949,0.07156740779886599
335,0.00025,0.11174046377674358,0.017275911481790026,0.04172008231957777,0.052744469975375796,1.0448225881282733,1.1664221818567098,1.3464363026559474,1.8126667908505134,0.004459300908830407,0.07041998833341717,0.26991271744233264,0.1622587991634595,0.05406878565452134,0.05358513262435185,2.8500015972856527,3.574780405809543,1.4820751221106958,2.0729032029312204,0.004546591458285472,0.07159840202914784
336,0.00025,0.11198665268775398,0.01749705575301425,0.04166561944666083,0.052823977488078905,1.0475152293453176,1.1738639699760909,1.3459141115366386,1.81149957882355,0.004470502203190388,0.07044408673052993,0.2686893541903966,0.16092431137359373,0.05415609025487846,0.053608952561924376,2.8467810218676086,3.5599988658163246,1.4832460260588365,2.0744017204029515,0.0045477806321495475,0.07166469261610202
337,0.00025,0.11116770333931343,0.016655096958922883,0.041694096133348874,0.0528185102470417,1.0202256322854533,1.1452725921558269,1.3456617148836758,1.8121181791465295,0.0044706920879039585,0.07048009005239304,0.26857997396669464,0.16114953058650971,0.053867071997036775,0.05356337138314821,2.847994087739684,3.5625346004272767,1.4797781199865343,2.068593237095153,0.004536213521587441,0.07164350690960165
338,0.00025,0.11099812263067056,0.016859182092819388,0.04137945381301539,0.05275948672483579,1.024682761512089,1.1522680916559154,1.34182235004371,1.8052492876283863,0.004454128037286129,0.07044458877996493,0.26889737760586646,0.16163678475323773,0.053751173096968884,0.053509419755659864,2.8317866768049957,3.5680937729734845,1.478561865493935,2.0652875126535903,0.004529427391708517,0.07165323507931128
339,0.00025,0.11134668824343431,0.016947997976111243,0.04166061232636891,0.05273807794095416,1.041400800893471,1.155299237461949,1.3454186409896736,1.8113718493376725,0.004451976224335153,0.07044894610533085,0.2665365936496562,0.1588300846443188,0.05416960268729033,0.05353690631804709,2.8296631745311545,3.5367768970678894,1.483182690288037,2.074301310750107,0.004524700587983003,0.07168426596424542
340,0.00025,0.11024086100463783,0.015975385390970303,0.041554539519081134,0.0527109360945864,1.0095400734008646,1.1216592880006526,1.343443315700077,1.8090648411026466,0.004448204335295415,0.07044791924067345,0.2661666030768204,0.1591540475794762,0.0536323675698102,0.05338018792753395,2.821515761135514,3.540458031139287,1.4776291666364723,2.0631607256892313,0.004512255343621207,0.0715034404375023
341,0.00025,0.11173018084570406,0.017749513379083186,0.04134944991773445,0.052631217548886416,1.0596939770436504,1.1823022346164092,1.3420536485619565,1.804599753703589,0.004433091615468887,0.07038657905998573,0.2683107287265327,0.16093634070487334,0.05392210278877185,0.05345228523288754,2.8462668440576078,3.560186264632754,1.480252660610266,2.070212632973606,0.004515586178329005,0.07155788339468465
342,0.00025,0.10969436093873185,0.015676405089419396,0.041402290193027914,0.05261566565628454,0.9831102353651785,1.111113754265019,1.3414571527811856,1.8057786193263643,0.004438232686979057,0.07036190418144402,0.26678165211108484,0.15940054120803668,0.05395562960330139,0.05342548129974671,2.8269780605397155,3.543107581126587,1.480448815037101,2.0711262394104164,0.004518607128738013,0.07164043338830954
343,0.00025,0.11179466136281531,0.018026880835769386,0.04115532988837665,0.05261245063866928,1.0664729958126435,1.1915042037212555,1.338589294069137,1.8003552761383643,0.004432534852687582,0.07035112642628005,0.2695542224157421,0.16274021049995993,0.05346416988682644,0.053349842028955735,2.85919020033426,3.5800454880994423,1.4749216637985858,2.0601483406434737,0.004509723984737687,0.0715235016843156
344,0.00025,0.11123264317776753,0.017500001767084324,0.04123755627329797,0.05249508513738522,1.0409263301425908,1.1739627887213964,1.3393024528923272,1.802156569104706,0.004426137108384504,0.07029766921593579,0.265094412840965,0.15832014963785754,0.05358974628543158,0.05318451691767591,2.815143603107588,3.5311222650683685,1.4767705819926689,2.06343006550329,0.004508596920037555,0.07141570860559886
345,0.00025,0.11047106557848542,0.01682672457802987,0.041218440581937035,0.052425900418518516,1.0331055810750693,1.1511583765996787,1.3379489870138703,1.801733792210021,0.004414311725268897,0.07028724803564569,0.2689548773680266,0.16239876938182743,0.053211273482651665,0.05334483450354749,2.86097461935488,3.576322532371297,1.4723717307110558,2.054023744818721,0.004506433546637366,0.07150474237993994
346,0.00025,0.11089434262765231,0.0171724031650615,0.041181458632275326,0.052540480830315504,1.045876520556029,1.1629226332238045,1.3381051290185013,1.800924267952807,0.004432043618100066,0.07029269454989831,0.26509301837095767,0.15848195288077535,0.053377014980436406,0.053234050509745896,2.8072887712219594,3.5329401960490907,1.4740928331670125,2.0576712731854867,0.004510222204347605,0.0714757111777773
347,0.00025,0.10974405036472323,0.016200522453520345,0.041083712496743786,0.0524598154144591,1.0191597907091139,1.1295352667525334,1.3360564281304432,1.7987856537883276,0.004418613659843602,0.07030752538416465,0.26811835828521374,0.16151698195680575,0.05338698762968308,0.053214388698724975,2.847755725998101,3.5665850019516636,1.4738225183760232,2.0626987351918444,0.004492199465450988,0.07157718142729791
348,0.00025,0.11009149286828801,0.016541329931544023,0.04108675217689389,0.05246341075985011,1.0330819604565002,1.1413543464616873,1.336770687146691,1.7988536039904512,0.004422406980478491,0.07023914582325212,0.2670679340715175,0.16021211105950744,0.053587288878207705,0.05326853413380245,2.8320179685190023,3.552149284099268,1.4764002082600944,2.0626328153801006,0.004498196261186554,0.0714324669980471
349,0.00025,0.1094690902854371,0.01614974639990686,0.040905417221196554,0.05241392666433367,1.023301237184155,1.1277637697603156,1.3340079418351625,1.7948865936562672,0.0044183425185398565,0.0702406469879918,0.2673583238707179,0.16115211731588028,0.05312233563143311,0.05308387092340452,2.852551492364855,3.5625117070271397,1.4722306443285456,2.0505287531143397,0.004483294048703103,0.07130585259669664
350,0.00025,0.10957030942471992,0.01632810905321592,0.04086321415004903,0.05237898622145498,1.0221384299245004,1.1339743499951107,1.3331933127881204,1.7939506862576484,0.00440917998518974,0.0702848256483165,0.2643489451769219,0.1581460990413801,0.0530677036389939,0.05313514249654791,2.818531357065066,3.5291820302629917,1.4701098792770901,2.0496352746413358,0.0044942476926676835,0.07132581736019634
351,0.00025,0.1100021945696991,0.016773837534438906,0.04086954800072948,0.05235880903453072,1.0279095669996878,1.1493478853053918,1.3332568696212763,1.7940945090416494,0.004415202103776555,0.07023764095029128,0.26345207216978667,0.15696152371252584,0.05329772436129555,0.05319282409596526,2.8143778368852654,3.515912479745788,1.4717679093841403,2.0563739969337105,0.004497880464417998,0.07141949010049231
352,0.00025,0.11031340010921863,0.016930732255837286,0.04096532061632301,0.052417347237058314,1.0298606054187007,1.1547106087559564,1.3341664714127779,1.7961960289144798,0.004425405830015433,0.07025840951626187,0.2635049249899104,0.15731707441209178,0.05306250753003029,0.053125343047788376,2.8034811367409853,3.5199206699099226,1.4688712571567404,2.0506807302367034,0.004505232469575289,0.07137172772738498
353,0.00025,0.10995983895019033,0.017013746873629068,0.04069361589598162,0.05225247618057965,1.0420386354342939,1.1575380306036873,1.3308564184826652,1.790223239338587,0.004420900156773236,0.07010589373180688,0.2661910996803337,0.16018578756991259,0.05291380165655321,0.05309151045386788,2.846408591218355,3.5518049119404207,1.4679572115986035,2.0477376065794366,0.004497346088609521,0.07132351755564321
354,0.00025,0.10960472415104233,0.01680457402102609,0.04063063136960992,0.052169518760406326,1.0344796825111329,1.1504004395355272,1.3299398501903996,1.7888382763829214,0.004409525536307742,0.07010054297166697,0.2605831321744686,0.15475980106217743,0.052843093095603734,0.0529802380166874,2.7860836929285244,3.491121471782082,1.4664709453584852,2.0470642522419547,0.004495545263223237,0.07132836342031088
355,0.00025,0.10968195781002316,0.016975139631728756,0.040499039187126294,0.0522077789911681,1.0253036546370429,1.156223954053931,1.32828960573071,1.7859379399028936,0.004409197611585208,0.07009360325738659,0.2652430869919645,0.1595412831308352,0.05271329521473229,0.05298850864639706,2.8219574421310054,3.5446800031078367,1.464836437439338,2.042033352633265,0.00448891189135047,0.07128173048705137
356,0.00025,0.10957272872901215,0.016832352106309418,0.040552469988633565,0.05218790663406917,1.027927324846749,1.1513508571583397,1.3283212964518025,1.7871161426412228,0.004411875671808116,0.07010548023213264,0.26331047611271546,0.1572302983676853,0.05310353593234087,0.0529766418126893,2.8128870086949136,3.518892405137636,1.4683687738304068,2.0551838021768476,0.004496852153894684,0.07137674691544423
357,0.00025,0.10919223202750918,0.016349040924445956,0.040578916273800336,0.0522642748292629,1.0092848997741584,1.1347009682098133,1.328376403639729,1.7876987868963454,0.004423273025355913,0.07016129832932161,0.26543826251796454,0.15952222679866385,0.052959527100473025,0.05295650861882775,2.8278223461022156,3.5444896187992994,1.4667784498565408,2.0512554321503957,0.004501120869466535,0.0713177657222598
358,0.00025,0.10991579719108502,0.017380969730570735,0.04044812732705464,0.052086700133459646,1.043064373662306,1.1699634287323324,1.3275585052245105,1.784817935919462,0.00441106921506509,0.07004789138352704,0.2635336917974115,0.15803983712808,0.05266959772211387,0.05282425694721764,2.799418350817802,3.5280662210277565,1.4643533423945598,2.0424259033295815,0.004488640961795137,0.071228117952857
359,0.00025,0.10872879111689583,0.016486949686492693,0.04032351416673474,0.05191832726366841,1.0220042197732737,1.1394766792677955,1.3247277072277317,1.7820651015909048,0.004385513122903042,0.07000309575801038,0.26691246856189427,0.16125413299715088,0.05278069825518744,0.05287763730955599,2.856129849925811,3.563639903530176,1.4652682272454398,2.049503900407843,0.004466980931113344,0.07137052617150899
360,0.00025,0.1098669263031351,0.017437176723075484,0.04044543751303504,0.05198431206702458,1.0517658209380014,1.171853629580702,1.3263254293797992,1.784755109153257,0.0043903648891481005,0.07005585172153789,0.26203352060406687,0.15651515002860983,0.05267323101206751,0.0528451395633895,2.792138839011534,3.510939811203502,1.4623276342798393,2.048876945151097,0.0044782712551354915,0.07140502598601345
361,0.00025,0.10904598324135746,0.01680135403819599,0.040267019685379934,0.05197760951778154,1.0246057753352547,1.1502902181372354,1.3244423091060802,1.780815440597021,0.004384594214368066,0.07003846936075837,0.26889442336439523,0.16330705849271632,0.052724923816187846,0.052862441055491115,2.8670932577667902,3.586375548861327,1.4636230596404916,2.045621572924296,0.0044729073687617095,0.07136001423028475
362,0.00025,0.10774621439687122,0.015323740611522198,0.040377272113118055,0.05204520167223096,0.9986838419309544,1.0985445679591073,1.3252882997008548,1.783270995906976,0.0044016125190357806,0.07004515608257858,0.2631138429285404,0.15775942176748273,0.05258300010353065,0.052771421057526996,2.818547628119431,3.524844178023238,1.4618436574932285,2.0415566886824412,0.00448548555259946,0.07133582922220219
363,0.00025,0.10796646671641134,0.015849844492494842,0.0401853295748452,0.05193129264907132,1.028311535431468,1.1172433741732544,1.3218076769597764,1.7790101509933118,0.004393973639998851,0.07003328585399728,0.26574803481903836,0.16073560393879768,0.05228134502155744,0.05273108585868331,2.833050330010041,3.558035588969074,1.4595587790223459,2.034631327692889,0.004462731959403113,0.07126254674266971
364,0.00025,0.10758230348136498,0.015482195929618773,0.04020040836816955,0.051899699183576654,1.0151849919851474,1.1042097169342253,1.3219149137672088,1.7793406566595973,0.004369815059341788,0.0700088359271528,0.26460186310599076,0.15918271509779167,0.052638925302337165,0.05278022270586194,2.8207908457092437,3.5407452119981886,1.4626895521386765,2.043866858643503,0.004462730065641485,0.07130764929890014
365,0.00025,0.10786071997488045,0.015867605026263904,0.04009175133664624,0.05190136361197028,1.0242069329435117,1.1178691621187353,1.3209248114951913,1.776939875018462,0.004381221986672089,0.0699557286998285,0.2648372749321855,0.15969826610240917,0.05242576812174675,0.052713240708029616,2.8213215151689712,3.546520154329515,1.4599074854336547,2.039229521660646,0.004461159442387328,0.07130660190119113
366,0.00025,0.10812890193421738,0.016299267612748018,0.04003180662365125,0.05179782769781812,1.0289403966509068,1.1329723996519765,1.3204511931177119,1.7756038855109713,0.004382496870170805,0.06990855391533429,0.2604229549957883,0.15530711325226224,0.05245446509333353,0.052661376650192535,2.775380727299312,3.4973598338792105,1.4602220157856638,2.0385490737282868,0.0044765003128839475,0.07122034483963441
367,0.00025,0.10835375995206421,0.01644467358929003,0.04006506665763157,0.0518440197051426,1.0245746862234115,1.1380148094624434,1.3206276102056982,1.776342654774278,0.004384904346199199,0.06996965763007168,0.2609521929278357,0.1560485927424936,0.05225563491471377,0.05264796527062829,2.801200541905958,3.505639445024317,1.4583835532002105,2.0380458796208294,0.004465164094805158,0.07115693974643394
368,0.00025,0.10869462150735414,0.016806701102936913,0.0400735177274314,0.0518144026769858,1.0349095426660475,1.1504732446695518,1.3208196037390383,1.776531774012818,0.004385056077315312,0.06992924211412478,0.25906161548572465,0.15398849498345435,0.05244436707671166,0.05262875342555863,2.7725670831541476,3.4824304901663115,1.4613137224607204,2.037923219775852,0.0044707177266674275,0.07104359827944852
369,0.00025,0.1083764663693233,0.01652054450798252,0.04008683864341272,0.05176908321792808,1.0214431403634616,1.1406370223146622,1.3211784258787662,1.776848243381008,0.004376260356241657,0.06985324121315307,0.2633380872548894,0.1582679697252065,0.052418224930922956,0.05265189259875995,2.8023898601652166,3.530527406142307,1.4606875072842769,2.03518052889852,0.004461816537377551,0.0710342710551229
370,0.00025,0.1081939600340609,0.016458629775929875,0.039914138464573624,0.05182119179355741,1.0188560286809478,1.1384976095178996,1.31850343829693,1.7729936356977527,0.004381219003013139,0.06990048593618095,0.25939763316690456,0.15410416051615974,0.052607091112083136,0.05268638153866167,2.7757379861604563,3.4837215931346344,1.4608393629590082,2.0427338715584162,0.004467241157624741,0.07111145736243481
371,0.00025,0.10843901456432653,0.016799092643700605,0.039893957439982905,0.05174596448064303,1.0268813529643026,1.1502128033172008,1.317432073780677,1.7725461414616337,0.004377539978781176,0.06987270964141717,0.2606738311819074,0.15610855582734023,0.0520578681354334,0.052507407219133766,2.793540938682933,3.506338642133675,1.4552331020270053,2.031757669487961,0.0044614560771601775,0.07100095942365481
372,0.00025,0.10823987219703457,0.01676199278770137,0.03969647495576439,0.05178140445356882,1.0233396999039313,1.1489420110130317,1.3150595355460468,1.7681524288819666,0.00438995219428672,0.0699184494582583,0.2594517927213732,0.15461085119177298,0.05230885489841739,0.052532086631182834,2.7834235707727917,3.4894668630854926,1.4574724022052186,2.036788811364776,0.004486023688582792,0.07098516351266171
373,0.00025,0.10817929710505174,0.01668368542033967,0.039803740147528084,0.051691871537183964,1.0180027889046404,1.146255100485228,1.3159521505019847,1.7705385267369542,0.004405733993410405,0.06982928413344355,0.2584597115093864,0.1538502552418575,0.05211628020423146,0.052493176063297495,2.7755126950138447,3.480858579798536,1.4554645002564617,2.031782790979316,0.004477139688280006,0.07106436966353187
374,0.00025,0.10752649109324552,0.01622878383571519,0.03969271855168811,0.051604988705842215,1.0165460854993045,1.1305200596287786,1.3142595295821242,1.7680680700622382,0.004371416470936966,0.0697927769657932,0.26372702413857113,0.1593528674977047,0.051946275210685074,0.05242788143018139,2.8362559777483227,3.5425688621204783,1.4548247948239172,2.0283644621609067,0.004442087566767579,0.07098385106321241
375,0.00025,0.10651281736735668,0.015351342038745983,0.03955898419112246,0.05160249113748825,1.0143592203642522,1.0995334830455126,1.3128992834643418,1.7650864528216876,0.0043519501702070935,0.06981651393302882,0.2612283818361628,0.1568875444022645,0.05183181309882613,0.05250902433507216,2.8007808605848985,3.5151292397952942,1.4534226314124046,2.0250020403780824,0.004443093175684153,0.07097614311942138
376,0.00025,0.10679753977381347,0.01561328402948404,0.03954924518166741,0.05163501056266204,1.0212699471983147,1.1088745476552884,1.3128966366648545,1.7648924471156449,0.004355455955502326,0.06983488009015401,0.264858902857681,0.16066951694421436,0.05171511388641174,0.05247427202705489,2.8378706788003134,3.557312356978257,1.4506188411524479,2.025625910673612,0.004444262874896764,0.07108371667819399
377,0.00025,0.10677996491275658,0.01549671128987276,0.03964684579587264,0.0516364078270112,1.0235601796490141,1.1047272225535847,1.3136257242361629,1.7670533859953652,0.0043627573585131516,0.06979115358562427,0.26302471950184914,0.15821524047520621,0.052228122304187594,0.05258135672245536,2.823243172222707,3.5299172363679743,1.4551872511326092,2.0352959424601473,0.004465109279227315,0.07111333822848591
378,0.00025,0.10657695152894057,0.01533938481054417,0.039568046134556216,0.05166952058384019,1.0058289106742841,1.0991051838820396,1.3125226344986831,1.7652884145467829,0.004373890472607987,0.06983784250125832,0.2652208306672583,0.16091118559737635,0.051836746090009905,0.05247289897987201,2.847004380679827,3.5598441675387034,1.4516567616915634,2.0288376586850467,0.004449231274081522,0.07098654180508955
379,0.00025,0.10784140550585482,0.01683010023061831,0.03943187246478697,0.05157943281044954,1.0414626168264076,1.1512738392307944,1.3104861783522508,1.7622558251304286,0.004356351933180701,0.06975898294950542,0.2562615977266317,0.15221570782358831,0.05176918691414017,0.05227670298890325,2.7694139919266503,3.462302590883292,1.4505295648764291,2.0248020041120527,0.004444272371851837,0.07085145640991097
380,0.00025,0.10755550405710577,0.016630190825526515,0.039480320089364564,0.0514449931422147,1.0176803486014798,1.1444159479690013,1.311335316073255,1.7633305548687856,0.004346085565720622,0.06973258396718972,0.25696642075550097,0.15297687551381278,0.05168495528531763,0.05230458995637057,2.768703325897845,3.470950096120713,1.449951979974845,2.022718758056425,0.004431087162812169,0.07086691676359816
381,0.00025,0.10786412402832389,0.016979805426845608,0.039480760830127276,0.05140355777135099,1.021737867161618,1.1563828432809253,1.3118098836310739,1.7633415732879023,0.004354470698159222,0.06968178981050974,0.2586441984789481,0.1542773624446518,0.05202719570724936,0.052339640327046986,2.7661103944707497,3.485696583432517,1.4525782822611686,2.033721140015887,0.0044450925554176375,0.07094975987412605
382,0.00025,0.10774353895276735,0.016934211619519073,0.039310470441715324,0.05149885689153297,1.038662742296831,1.1548292525280803,1.309441835485837,1.7595321082350261,0.004360236787044894,0.06975481244818742,0.26001871747932154,0.15588119980901174,0.05176317602129395,0.052374341649015874,2.800119945876995,3.5037431057727133,1.4507385365398375,2.025887365000864,0.0044424274181650136,0.07096451705579143
383,0.00025,0.1079714601721638,0.016999368285553974,0.03940992769983228,0.05156216418677755,1.0254761314301293,1.1570488003225383,1.310230986623285,1.761755750778247,0.004374758588553705,0.06973634722987518,0.2544730157141647,0.15066846924251182,0.05157928170783428,0.05222526476381864,2.7384802733406226,3.4446686790760697,1.4493125958007813,2.0216535220683483,0.0044433486250871285,0.07086801191118045
384,0.00025,0.10636683864226985,0.015842985708132824,0.03919084928617204,0.05133300364796498,1.0032176894920608,1.1170016127963036,1.306895349958632,1.756856268134841,0.004340045788576354,0.06962837340674684,0.26596442310107576,0.1621741404179984,0.05152665570055323,0.05226362698252416,2.854749711121909,3.5738699157663665,1.4482492120344193,2.022120148206073,0.004436816888587729,0.0709474656559337
385,0.00025,0.10533105424862216,0.014782027051683492,0.03926531111669307,0.051283716080245595,0.9998322796304371,1.0789523898842073,1.3072325600274126,1.758540319460311,0.004342424757882206,0.06959857386895893,0.26590817672694994,0.16182391136797308,0.05181527762090779,0.05226898773806905,2.860391086315611,3.569966067830094,1.4514097083654254,2.029118434523422,0.004443019521308308,0.07110091712187981
386,0.00025,0.10592924680396083,0.015308314291044588,0.03929510296477528,0.05132582954814099,1.0158929246550064,1.0979914795283254,1.3079982251475848,1.7592101181563655,0.004346376032503483,0.06965978729955076,0.26560378915243443,0.1621894043190336,0.05130600311602792,0.05210838171737289,2.8407260448830804,3.5741344000652626,1.4458398684417875,2.0167084473891017,0.00442746411766255,0.07089136902973182
387,0.00025,0.10613478791394877,0.015766989110197967,0.039200750727349555,0.05116704807640123,1.0318082413652112,1.1143193416510973,1.307002611982166,1.7570753679842255,0.004319941340687762,0.06951755073841435,0.2649768902608494,0.16138719276608132,0.051407840718656124,0.052181856776111944,2.853089361612347,3.5651520551522053,1.4470933872537617,2.0182904146444995,0.004419656852561417,0.07083394934484219
388,0.00025,0.10588485995667746,0.015412094697664427,0.039212140470837535,0.051260624788175474,1.0122978780391192,1.1017070266791802,1.3066616009796483,1.7573329862697549,0.004325286006373711,0.06959111508857455,0.25880685649145724,0.15532277028003455,0.05140447060779526,0.05207961560362741,2.8000206696459586,3.4974649005725285,1.4461417531877814,2.018259672821327,0.004420070999272631,0.07076660469332857
389,0.00025,0.10687966503828804,0.01644958223677414,0.03914465307789621,0.05128542972361768,1.0350107447975752,1.1381846424712578,1.3057513036108301,1.755818230983478,0.0043366732833800435,0.06962628068117342,0.2592896243377136,0.15584480628727304,0.0513396003532807,0.052105217697159756,2.791640422657909,3.5033566291066824,1.4451572077842796,2.0171478039562873,0.004427493104656493,0.0707451720945465
390,0.00025,0.10631480177308777,0.016154688769049363,0.03899565165756646,0.051164461346471936,1.0235890694465135,1.1279363235093665,1.303814453226874,1.7524704875646608,0.004324451289434467,0.0695566034967359,0.2601829201631925,0.1564950370699817,0.05155423324330783,0.052133649849903,2.8132004065165,3.510634990597497,1.447154658083176,2.0221100355407646,0.004426252622160173,0.07079369259900915
391,0.00025,0.10581022242346627,0.015496731578323791,0.039055165381299085,0.05125832546384338,0.9995926177644445,1.1047279457204948,1.3041682152321623,1.753807360437592,0.0043431998227082365,0.06961664904973304,0.2565573541748122,0.1529379019651535,0.05153202737675949,0.05208742483289914,2.7746038341556014,3.4705064134597423,1.4462888282805724,2.0235088744347935,0.004441600310980458,0.07080306317718175
392,0.00025,0.10630112140286524,0.016283594557003553,0.03893024652639838,0.05108728031946333,1.01857014376288,1.132427546633851,1.3029249771545006,1.7510009842887897,0.004341392627646158,0.06944945066120357,0.2586373913653446,0.15531423995998997,0.05133109818108687,0.051992053224267754,2.783204450892388,3.4974183103251435,1.4443049820115257,2.0182802318879087,0.004430090799606798,0.07065599096084758
393,0.00025,0.10594006746801544,0.015870771104856744,0.03895311342596864,0.05111618293719006,1.0075132825305089,1.1179806813118311,1.3028872148358162,1.751518537919437,0.004331865131804197,0.0694691748806964,0.25855778865982615,0.1551047239223215,0.051463310019748285,0.05198975471775637,2.797015709127818,3.4950101035427297,1.44594677256266,2.0205945451750207,0.004425288237962498,0.07069688742708313
394,0.00025,0.10556720454365191,0.015668544798233635,0.03877357172901592,0.051125088016402365,1.0122689534137914,1.1108351580947928,1.3002174137998443,1.747475647284878,0.004329588578935896,0.0695059742766674,0.2577799286052491,0.15451499686341114,0.05120473242124606,0.052060199320591936,2.7968650032157156,3.4883570720812864,1.4427619024232894,2.015685048355076,0.0044232269529682795,0.07079058801001131
395,0.00025,0.10606918785765947,0.01612450372646614,0.038759911742530746,0.051184772388662585,1.016434666371075,1.1268820560634722,1.2991897754346335,1.747167106901671,0.004332683708200137,0.06957427159014713,0.2561746144436254,0.1530631932738868,0.05112822517762424,0.05198319599211436,2.765249725157942,3.4719630154908754,1.441517548965885,2.01449089505303,0.0044269317475734175,0.07073321171407888
396,0.00025,0.10652444210283092,0.01675045567938623,0.03872988811010431,0.05104409831334039,1.0335303562745266,1.148546540427877,1.2994449026701769,1.7464895750273834,0.004319502054403325,0.06946076016082323,0.2568145646764692,0.15359241422195263,0.0511848465446357,0.05203730390988086,2.783975023011365,3.477934084224509,1.442564204125365,2.015351673562784,0.004425939048570637,0.07072448460369209
397,0.00025,0.10643115925039122,0.01643834222327083,0.03890763674405856,0.05108518028306183,1.0232749653845623,1.1377957147459221,1.3016494620287802,1.7505134210397475,0.004333862171341389,0.06948456531928111,0.2550789393365631,0.15191280014964,0.05129835136838793,0.051867787818535196,2.758542256055509,3.4588661574232886,1.443983699993814,2.017540409867313,0.004418428786017568,0.0705770783148054
398,0.00025,0.10641453774090855,0.016637037834380763,0.0387506764805322,0.05102682342599559,1.0231488456201883,1.1446515141124738,1.2999057454349001,1.7469787960259298,0.00431596730129862,0.0694627578160444,0.25496283175504975,0.15225908657912274,0.05087382428325685,0.05182992089267009,2.757476664614388,3.462816078480385,1.4390765457600365,2.0090214771725274,0.004396583262773613,0.07055263488939596
399,0.000125,0.10579125647562654,0.016334789845596793,0.03858282044080294,0.05087364618922682,1.011016816611708,1.1342063141594299,1.297519742998538,1.7431733025783949,0.00430221641599693,0.06933391946721061,0.2553734220382168,0.152711892584721,0.05089395524427288,0.05176757420922297,2.776900537900667,3.467952875192311,1.4388602581576906,2.0072378633700363,0.00439717851635641,0.07052157911149494
400,0.000125,0.1009295706392972,0.011515120172104777,0.038569487055591704,0.05084496341160071,0.852780224193056,0.9522906544227169,1.2963033701772735,1.7428699580555103,0.0043035529994412325,0.06937930800512959,0.24681811848937832,0.1441343046594385,0.050950793896002676,0.051733019933937176,2.6742694709852173,3.369139268761168,1.4389176192779773,2.00744459493802,0.00440819116376546,0.07045952858595775
401,0.000125,0.09499384342646344,0.00581719018731722,0.038394097008538276,0.050782556230607956,0.5930893301187461,0.6768491944766202,1.294307937705071,1.7389119697349509,0.004309527527139952,0.06936150274744063,0.2566806113666391,0.15413472778511395,0.05087513348967215,0.05167075009185303,2.7630162893875583,3.484059272605104,1.4387109714063566,2.0056108281017386,0.004420753201868615,0.07043762644159193
402,0.000125,0.09227540938260086,0.0033478361236396544,0.03827238003885255,0.05065519322010865,0.4467716176788809,0.5134727263579043,1.2929152902546996,1.736163651168337,0.004306725506844117,0.06924976683294812,0.24603452520784325,0.1435094215183155,0.050900144761238324,0.0516249589282895,2.6665397062678897,3.361828014302802,1.4377965812168145,2.0075000209652867,0.004413512524763922,0.07048448506659988
403,0.000125,0.09040595453459184,0.0015299766880869294,0.03825640808638182,0.050619569760123106,0.2849510265175693,0.3471184451322896,1.2923427116648074,1.7357824359004805,0.004299044550432995,0.06923959643595953,0.2438325024132999,0.14178299748354103,0.05054653025189098,0.0515029746778679,2.6509972113133125,3.3415453672902347,1.4343674917895766,2.0001088751728338,0.004394499287967123,0.07040976009928022
404,0.000125,0.0896003346785892,0.001053796495262943,0.0380520395080604,0.05049449867526587,0.22967495750904932,0.28808036583454,1.289313534475561,1.7311437745524278,0.004282478619887003,0.06910773504687523,0.24593665238593718,0.1441928465068691,0.0503816735700582,0.051362132309009906,2.6720193450800918,3.3698234071141573,1.4323454422375879,1.9964590758517677,0.004390247000754372,0.07024788839981576
405,0.000125,0.08882725935146173,0.0006758849483153351,0.03782037954880492,0.05033099485434147,0.18414340661657044,0.2307127907023715,1.2853020252212808,1.7258626700796766,0.004277097161163182,0.06901849748507723,0.24352689503572958,0.1419326176841276,0.05033754571620251,0.05125673163539947,2.654455178057125,3.343308028766421,1.4314357281416346,1.9955969545653527,0.004377782802035748,0.07016312942464406
406,0.000125,0.08867464562336057,0.0005972724843325635,0.037820291795590384,0.05025708134343762,0.1723889236193651,0.21688101588307526,1.2851919440426116,1.7258604968474025,0.004268183640962094,0.06899010027233915,0.242453718758073,0.1410486524203537,0.050249659438051465,0.0511554068996679,2.644982423287763,3.3328806014561114,1.430018737280472,1.9944596376722767,0.004372924621184805,0.07010895483417368
407,0.000125,0.08861502479458312,0.0006033592484613182,0.03782680437405968,0.05018486117206214,0.17487482877869517,0.21798332460655587,1.2850348843882742,1.7260302332139514,0.004263819515160544,0.06891325748935953,0.24300940940754812,0.1418128372384011,0.05012051382565307,0.051076058343493935,2.6516065123726253,3.3418969808469288,1.4279502270603708,1.9921321727776804,0.004366055478301099,0.07003005648447082
408,0.000125,0.08810422278244229,0.0004866191285932565,0.03760361044016024,0.05001399321368879,0.1561855084571382,0.19576266710785417,1.2813462018139186,1.7209113608488598,0.004250210562794781,0.06882182426886824,0.24164244394957196,0.14069373064823398,0.049958836324119835,0.05098987697721815,2.6420180509224576,3.3286846841382864,1.4262462292020448,1.9883368488683852,0.004360180753903233,0.06996521768095099
409,0.000125,0.08785994189959738,0.000447992173343683,0.037456173170798364,0.04995577655545533,0.14992025454845176,0.187832395946973,1.279333976273699,1.7175318762948588,0.004250096775400559,0.06875053065248875,0.24127982290606967,0.14045843987493586,0.0499038926760534,0.05091749035508039,2.6412423516828656,3.325900137471229,1.4253926150294982,1.9870331010749356,0.004360033039355631,0.06991385457069088
410,0.000125,0.0877825169906969,0.00039231812488446866,0.03749258038741001,0.04989761847840243,0.1392504803770082,0.17577393341402614,1.2791785754780662,1.718390057020953,0.004246102101734384,0.06874114335828296,0.2405085711200408,0.13985537994618355,0.04981195499577383,0.05084123617808346,2.636267480899541,3.3187525618971105,1.4240339912595592,1.9848913766631877,0.00435462108796541,0.06984109580200831
411,0.000125,0.08755655153276137,0.0003802895463948797,0.03735325214341076,0.04982300984295573,0.13692083589257648,0.17305831811939373,1.2774425824293607,1.7151700737793092,0.004236352585938416,0.06864790723022139,0.24030464264812715,0.13993840579755978,0.04961000987571572,0.050756226974851625,2.63530468751683,3.319737512837931,1.4214709197162017,1.9806255061125988,0.00434715759735029,0.06978759282627778
412,0.000125,0.08738645584778632,0.0004097735553246768,0.03725431660126841,0.049722365691193225,0.14191328516786303,0.17964173830759048,1.2756111612057877,1.7128971487408664,0.004233763188855148,0.06861067305447018,0.23954331906302875,0.13927784773806626,0.049564503848416444,0.05070096747654605,2.6309962094820283,3.3118930856007784,1.4207220426780363,1.979636072039344,0.004342783919452948,0.06975289264521078
413,0.000125,0.08709105557795205,0.00040930993533241943,0.0370575626853044,0.04962418295731524,0.1424431535812515,0.17954008573975702,1.2722297318958222,1.7083691786501323,0.004223903904863731,0.06857275815096868,0.23922611980065675,0.1391628357303139,0.049437786974989975,0.05062549709535286,2.6297867315992964,3.3105253657929823,1.4189590667250738,1.9769217629902105,0.004337420507014307,0.06970978070394442
414,0.000125,0.08689530742447356,0.00037330175686267386,0.037007538491274576,0.04951446717633629,0.1352671857765449,0.17146098009016594,1.2711662753468471,1.7072360999560474,0.004216322185443155,0.06844108667070478,0.2390112435120487,0.1391136736856514,0.04933823426740412,0.05055933555899321,2.6281481281271803,3.309940559614781,1.417516480847787,1.9748713437442185,0.004332155424586347,0.0696600116587875
415,0.000125,0.08683429846383438,0.0003768217888647093,0.0369602481722296,0.04949722850274007,0.1362457165314702,0.1722674751217127,1.269832141453746,1.706125499631533,0.004210688849043789,0.06846251508784494,0.23800023216072783,0.13824380940902195,0.04926552490179501,0.050490897849910864,2.621223669179241,3.2995759637392115,1.4164770956477633,1.9734155960910034,0.004327808308220675,0.06960319866888534
416,0.000125,0.08656876708130812,0.0003689412306130914,0.0368163829269416,0.049383442923753414,0.13478831170342845,0.17045662331669229,1.268189493597141,1.7027998261251007,0.004210632620394359,0.06837562803813732,0.2375181124077821,0.1379083797070683,0.04917623791672538,0.05043349478398838,2.6174522295574603,3.295570547655843,1.4150934632673051,1.9714458877095506,0.004326551433677274,0.06956384358561041
417,0.000125,0.08655746400850017,0.000373999563604184,0.03681442658763427,0.04936903785726171,0.13542172675728645,0.17162115984821266,1.2680941462052384,1.7027562753931813,0.0042078722166040625,0.06840402399971009,0.23765920430597726,0.13821737484534896,0.04906210551517833,0.05037972394544999,2.621102138532029,3.2992604811926967,1.4135007023501116,1.9691773713317222,0.004320045004242053,0.06952903400277756
418,0.000125,0.08639596693856354,0.0003520562672014364,0.03677643269555197,0.04926747797581015,0.13142263872520255,0.16651038497630205,1.267269044500185,1.701882352921342,0.004199772350226529,0.06827325076300506,0.23689962867367614,0.1376613124674129,0.048932627371288805,0.05030568883497439,2.6146268289914563,3.2926171646695286,1.4116590969857812,1.9664984855480132,0.004315792432260098,0.06948296378703038
419,0.000125,0.08627033822663642,0.0003523626328384315,0.0366483362423398,0.04926963935145818,0.1317117005090341,0.16658281937124053,1.2654765825642966,1.6989095831444077,0.0042020577142206274,0.0682942482236049,0.23633191430418674,0.13713216432520334,0.0489428941730305,0.050256855805952884,2.6109286701197116,3.2862829240834275,1.411622186736135,1.9666840686051772,0.004313923214426347,0.06944580727759114
420,0.000125,0.08610362895846753,0.00036371162789819054,0.03663450225454693,0.04910541507602242,0.1335836528219901,0.16924423253336995,1.2646514388867653,1.6985875028151896,0.0041851152045450195,0.06817276459383141,0.23628502419118053,0.13725887225513234,0.048829703821607284,0.05019644811444094,2.611643596099338,3.2878008099981075,1.4100402714792557,1.9641044971543735,0.004308973886711572,0.06939843172262772
421,0.000125,0.08591323011778594,0.0003958700040685471,0.03647298175328495,0.049044378360432454,0.14047919567185704,0.17656783126914272,1.2618468475274276,1.694838933142116,0.00418084709863263,0.06815405226928155,0.23532866325641252,0.1365208181370136,0.04868519787203089,0.050122647247367966,2.603678914481897,3.2789494852564567,1.408013777916919,1.9610245778973638,0.0043030133440141415,0.06934339183595836
422,0.000125,0.0858674247367913,0.00037978406163987006,0.03646222690230642,0.04902541377284503,0.13711395268135737,0.1729432644391054,1.2615570696764953,1.6946109082172873,0.004181846512442471,0.06812116886092036,0.23618656335356494,0.1375295060817673,0.04859394604292705,0.05006311122887051,2.6136576255871184,3.2910404983759767,1.4067142815214617,1.9592310307268301,0.004298576585348292,0.0693033891070331
423,0.000125,0.08569064932408581,0.0003600460435963155,0.036297796536990105,0.04903280674349938,0.13321932764166042,0.16838922822334026,1.2592502922686908,1.690763772614006,0.004183589373115235,0.0681576918498237,0.23448067268807582,0.13585781762002047,0.048588853418067256,0.05003400164998812,2.598184270478038,3.2709778401534932,1.4063243476326934,1.9590911668566733,0.004297414858397361,0.06928152237805088
424,0.000125,0.0854397777748439,0.0003435703564177083,0.036153302843621914,0.048942904574804304,0.130427042424675,0.16449137377064665,1.256756598663539,1.6874007752358728,0.004175834457081754,0.06808887664029656,0.23420339716792976,0.13578219882504078,0.04845129075180213,0.04996990759108684,2.5989500498339972,3.2700673963045177,1.4045700474299194,1.9562331227208734,0.004290673174517986,0.06923810599110528
425,0.000125,0.08539221100965498,0.00035362202166644186,0.036192999852414275,0.04884558913557425,0.1304868626919105,0.16688024792643455,1.2571883880150718,1.6883208354820816,0.00417179964910529,0.06798772083320893,0.23399729856618282,0.1357529248378343,0.048339708678890654,0.049904665049457855,2.5963201750735383,3.269714871911422,1.4028990104006567,1.953790137339889,0.004288962852645287,0.06918756317615565
426,0.000125,0.08532027080229153,0.000334444735449706,0.0361914488349053,0.04879437723193653,0.12817820812895503,0.16229213253743233,1.2563788150358046,1.6882870264448069,0.004162796906658459,0.06800121303573807,0.23404160660202616,0.1358690282515086,0.0483167349115807,0.04985584343893682,2.5982685090635043,3.271112793631756,1.4025084477079983,1.95341993293075,0.0042848045244356795,0.06915759810948799
427,0.000125,0.08516486134498168,0.00033885925545160426,0.036047278954523705,0.04877872313500637,0.1296622094069852,0.1633597127534897,1.2546093157576423,1.6849426727223253,0.004163961396253069,0.06800967860696093,0.23356698699364112,0.13555456521976197,0.04821781593755419,0.04979460583632499,2.594643632699566,3.267325175737276,1.4010189315006982,1.9514707398877356,0.004279203233397498,0.06912220149340165
428,0.000125,0.08489694815120293,0.0003334077325569593,0.035914002457939874,0.0486495379607061,0.12789980684709917,0.16204032999348122,1.2526699101158767,1.6818028969401897,0.004154426136842225,0.06789554506572523,0.23272296088440214,0.13483822894118339,0.04813774880537338,0.049746983137845376,2.589077439831535,3.258680672183696,1.3997583221239427,1.9495844293275837,0.004275488768256567,0.0690758727943451
429,0.000125,0.08485281655264748,0.00035174133250599044,0.03591345763817149,0.04858761758196999,0.13111076192208396,0.16643589172681994,1.2523098184001682,1.6817901381552587,0.004150516735279951,0.06782714903532643,0.2322403362427161,0.1344382014516069,0.048098008587787525,0.04970412620332166,2.587245243309596,3.25384328249898,1.3990829021715219,1.9488982110034734,0.004272423067149227,0.0690446923693195
430,0.000125,0.0846652413889033,0.00033423199263046317,0.03578354345710581,0.04854746593916704,0.12817277367909727,0.16224050670276025,1.2501320937831053,1.678743656528209,0.0041443622664309055,0.06779822824770633,0.2324741149477533,0.1348706599265669,0.047971810595967175,0.04963164442521926,2.5878760619354626,3.259072533859666,1.3972663347181453,1.9463127526176536,0.004268588352727597,0.0690018113090983
431,0.000125,0.08456350585543064,0.0003132307473941843,0.03572968108642827,0.04852059402160821,0.12291565528928391,0.15706068177495244,1.2491710669910483,1.6774828019509256,0.0041447974709208565,0.0677476998113066,0.23199085546829323,0.13447121574488083,0.04793225355539703,0.04958738616801534,2.5839403696975154,3.2542427848171607,1.3965002322564692,1.9455429295530835,0.004267006774714071,0.06896822475841476
432,0.000125,0.08450158537751008,0.0003226558801911065,0.03570016340172993,0.04847876609558904,0.12509326618352548,0.15940615158483012,1.248408473529297,1.6767910322722392,0.004143494078429997,0.06775743206986491,0.23230396665878617,0.13497215823371717,0.0478118087468821,0.04951999967818693,2.587990135706788,3.260298627565365,1.3948555516139185,1.9430800470661647,0.004261261204573474,0.06892688636669622
433,0.000125,0.08439047557188391,0.00040769427871087106,0.035590204868473536,0.04839257642469949,0.14188385352479613,0.17918538882186863,1.2467268760284422,1.6742017698704257,0.004132480689979737,0.06770200104163537,0.23238167668055726,0.13519760537233785,0.04772166363973361,0.04946240766848585,2.5903422284959254,3.2630203678553844,1.3935201284063778,1.9411770281054683,0.0042590563532419025,0.06887945099874264
434,0.000125,0.08425896606977788,0.0004569897435414399,0.03549843460661048,0.04830354171962598,0.1536112082333062,0.1897092519245928,1.2451769789025848,1.6720422491002864,0.004129094929262333,0.06764098395629654,0.23206959690469617,0.13500220038995958,0.047645137747187344,0.04942225876754925,2.586944741364105,3.2606614466523824,1.3925275975683042,1.939459265514529,0.004256560203231278,0.06884556164097659
435,0.000125,0.08421047470470207,0.00042624230970172316,0.03547463627169226,0.048309596123308096,0.14601314406000754,0.18321606998325504,1.244769142326399,1.671481112787276,0.004126802205116406,0.06765972429140148,0.2311627315601291,0.13422431449834768,0.047561292589912256,0.049377124471869094,2.5831176603565593,3.2512538709766123,1.3911986426105172,1.9377949847592761,0.004248341388616466,0.06882705092129313
436,0.000125,0.08399256976768237,0.0004194985120655207,0.03533511357743715,0.04823795767817971,0.14629610499510196,0.18176091375747513,1.2421485890460893,1.6681909867845768,0.004122550936813371,0.06763255905651155,0.23055493367911853,0.13366759535773873,0.04754775480950848,0.0493395835118713,2.574284663140516,3.244504289014416,1.3907259121031341,1.9374056412109153,0.004250481507342905,0.06879016470093777
437,0.000125,0.0838207799128281,0.000343730045670777,0.035290752974273684,0.04818629689288364,0.12932763556034613,0.1645295965816984,1.241506775860566,1.6671651889695813,0.00412139905436489,0.06754971863385723,0.2291368566768194,0.132448591968471,0.04740768337887782,0.04928058132947059,2.5677007868210255,3.229676011930103,1.3888512482968731,1.9343900742396543,0.0042457806413846305,0.06873996120058687
438,0.000125,0.0837450658376625,0.00034068630076958804,0.03520529200085933,0.04819908753603358,0.12987375053608308,0.16379951830997155,1.240342038971312,1.6651454278274516,0.00412255911366414,0.06754677477191677,0.2287848888408117,0.13219156940517407,0.04736786932866858,0.04922545010696907,2.5661780987625815,3.2265408230339214,1.3882620089978783,1.933737288184527,0.004240728630060154,0.06870393255887282
439,0.000125,0.08358531792142952,0.0003136190590142746,0.0351814870033876,0.04809021185902764,0.12329800270798684,0.15715800554980608,1.2393206123328078,1.6645649425702667,0.004116090311394704,0.06752258943561829,0.22871884055106967,0.13225694114228004,0.04728533645857316,0.049176562950216426,2.564587714097903,3.227338523317179,1.3867766409088802,1.9320669786937281,0.004235983095488058,0.06867960516477892
440,0.000125,0.08342002409279912,0.00037179544166257155,0.03503257981410186,0.04801564883703469,0.13478786861300163,0.17111469810168412,1.2369383204922022,1.6610338113610128,0.004107427771418946,0.06741660730848097,0.227726451355889,0.13138876360592586,0.04720687638100981,0.04913081136895336,2.5610928181517756,3.2167284332691595,1.385777143480689,1.930480903253844,0.004232052137438365,0.06864572429779903
441,0.000125,0.08336928504334974,0.00036536571735051887,0.035040895388338385,0.04796302393766083,0.1342345235931519,0.1696286408325003,1.2364478902779414,1.661233392353092,0.004106171159863773,0.06740225860190842,0.22731922955022205,0.13115783671836873,0.047085655140185805,0.0490757376916675,2.5579950976061268,3.2139003536523085,1.3840353627929964,1.9278356350460448,0.00422783664503525,0.06860744519920046
442,0.000125,0.08309755001152841,0.00041544841574073173,0.03482672454662776,0.047855377049159924,0.1465433939697231,0.18088136993830717,1.2334919321430498,1.6561688385214088,0.00409152811456047,0.06736456815485505,0.2272829564547185,0.1312301067496363,0.04702801970661321,0.049024829998468966,2.556966907360636,3.2147856865420987,1.3831885521106002,1.9265856743024519,0.0042259843215679245,0.06856466108989842
443,0.000125,0.08310974777898103,0.00034235918771867386,0.03487897402660359,0.047888414564658775,0.13030535084827805,0.16420118182672824,1.2344432697183223,1.6573882291799964,0.004097237940702175,0.06736698274139184,0.2269209798094113,0.13100455824182003,0.04693676770803272,0.048979653859558575,2.554974664225432,3.2120218316709424,1.3819407657996945,1.9244672689458957,0.004222802955104262,0.06851328153152485
444,0.000125,0.08294744444401726,0.00030684463486748396,0.03475868069205101,0.04788191911709878,0.12131680201150608,0.1554513693455742,1.2324158134969498,1.654529349058057,0.0040999992257035765,0.06732424822269495,0.22756719052528052,0.13176482689125557,0.04688713749970165,0.0489152261343233,2.5572367614217018,3.2213286329447484,1.3809960492081594,1.9235324566958225,0.004221446802868654,0.06846984004387656
445,0.000125,0.08274927344276194,0.00030599899453896006,0.034667224934662795,0.047776049513560175,0.12103387126716814,0.15523701551680585,1.2306567245428757,1.6523495833044688,0.004089336138849463,0.06726374294519327,0.2260206823900548,0.1302864310820123,0.04684513293498868,0.048889118373053826,2.5500813096470503,3.2032060701483087,1.3802645299863388,1.9227416651459404,0.004217346511842034,0.06846459918739431
446,0.000125,0.08281269812269108,0.0003868466460031025,0.034682594063209095,0.04774325741347888,0.14099011785010276,0.17454391096018315,1.2308971606546402,1.652716467312587,0.004091367201156139,0.06726901704534693,0.2272726408402615,0.13168936691176938,0.04676849085665071,0.04881478307184143,2.5566402342858416,3.220406094626923,1.3791853727188295,1.9211642133156352,0.004212166468226874,0.06841088904538205
447,0.000125,0.08258434349603842,0.00039622870553123526,0.034570500438440545,0.047617614352066635,0.14249274746282922,0.17664780803059263,1.2284788603301866,1.6500446645798093,0.004081184705034869,0.06718180326124565,0.22607357590553817,0.13061493180780906,0.04667798233079817,0.048780661766930924,2.5487751513435475,3.207241766971086,1.3777204685393702,1.9194112047726755,0.004205767723215857,0.06841017142222272
448,0.000125,0.08240965109424578,0.0003348368641970688,0.03446191188876225,0.04761290234128646,0.12844090506651906,0.16238724656307146,1.227316259465329,1.6474713716466858,0.004079792283858884,0.06715539921189169,0.22493085570034482,0.12960156686105942,0.04659489310603614,0.04873439573324923,2.541154341055851,3.1947759836493774,1.3763215409433427,1.917629416144693,0.004204988683032923,0.06837315306216563
449,0.000125,0.0822326993863658,0.0003073731346794444,0.034411963690218914,0.04751336256146746,0.12329872423414566,0.15558518409022573,1.2264893615661752,1.646279380278304,0.004072161240681491,0.06711236068215046,0.22470153820514857,0.12946161187686883,0.0465567174314303,0.048683208896849454,2.542723018685029,3.1930505199590193,1.3759842385613812,1.9166954494141817,0.004202279794830079,0.06831681245393474
450,0.000125,0.08221989111747573,0.000377737567663709,0.034348555456552896,0.047493598093259114,0.13801508243453853,0.17247667636284095,1.2250312290969814,1.6447392210706926,0.004071886307576459,0.0670717768189449,0.22677340362247841,0.13174341999068465,0.04641310058382565,0.048616883047968074,2.5550686277894648,3.2210669490797375,1.3738190713561036,1.9137612303652451,0.004199602655953182,0.06828798148298182
451,0.000125,0.08220241713655949,0.00041755176626511354,0.03428707023957964,0.04749779513071473,0.14295174494477972,0.18133867892492675,1.223693902663155,1.64326488954133,0.004072564555890282,0.06705842251970712,0.2243108945919863,0.12937709724326255,0.04635389189962124,0.048579905449102484,2.538999550286157,3.1920081122876613,1.372670675019296,1.912724363459064,0.004194729701085815,0.06827185494860846
452,0.000125,0.08186119475448245,0.00029105085014784947,0.0341552515808411,0.047414892323493496,0.11843532611864772,0.15139785462029792,1.2217400336770348,1.640102523477997,0.004072166536684285,0.06702654221576346,0.22425186283356907,0.12937673007893172,0.046331580266043046,0.04854355248859431,2.5389529529890766,3.1920035829382036,1.3723467874114974,1.9120550498090039,0.004194667224309816,0.06822195592360757
453,0.000125,0.08173833478189162,0.00036977148918162605,0.03407012016620119,0.04729844312650882,0.13640603947103752,0.1706483117620838,1.2203864975581942,1.638057947847575,0.004057391721045379,0.06697491438492925,0.2243160998554982,0.12963256140476295,0.046208699887620074,0.04847483856311518,2.5370969543473136,3.195157980215348,1.3705769256972322,1.9094548684685326,0.004189625742000343,0.06817018180166727
454,0.000125,0.08206626437689489,0.000655127941150075,0.034092120880215154,0.04731901555552966,0.18610062845652614,0.22714247109240435,1.2206345248178123,1.6385879010879651,0.004060085067982004,0.06692270405927012,0.222776599532552,0.1281700240665844,0.04615803213057259,0.04844854333539504,2.5300844380055048,3.177082686528107,1.3697110837003679,1.9084633212024358,0.004182942287420218,0.06816573088804465
455,0.000125,0.08160828214697718,0.00039149666391832507,0.033961361363273164,0.0472554241197857,0.14200911896291982,0.17558981359039544,1.218505303030156,1.635441121437612,0.004048891118123198,0.06691141499884959,0.2242273159080424,0.12976871137280824,0.04607166622958984,0.04838693830564431,2.5371941530842603,3.196835438744574,1.368626041024356,1.9064303897923367,0.00418120666662927,0.06810228439642715
456,0.000125,0.08146932336834244,0.0003059042297103854,0.03393769092525019,0.047225728213381855,0.12298200667369659,0.15521297598207054,1.217859427369327,1.6348707646541996,0.004050706333136989,0.06692052331202247,0.22246782590200762,0.12805194191192731,0.046061243369606784,0.04835464062047352,2.5253556329089237,3.175618837157726,1.36813508009384,1.9062859352597834,0.004177340068902024,0.06806774044553278
457,0.000125,0.08162933635100973,0.0006263099165967315,0.033842322012115233,0.047160704422297785,0.17842235793806907,0.22209047298503376,1.216080169827361,1.6325723764917195,0.0040500500913635265,0.06683551474788564,0.221060851709359,0.1267909322046898,0.04594374328842984,0.04832617621623936,2.521453326567117,3.1599439725406366,1.3664822418948623,1.90405767069234,0.004171525044686706,0.0680780417890394
458,0.000125,0.08197601789738565,0.0009910822286796834,0.03386931261050972,0.047115623058196256,0.23100422356281422,0.2793766653891385,1.2161538345311458,1.633224261941085,0.004043443014373079,0.06684970453208965,0.22378997653952362,0.12955188097856307,0.04594987462545811,0.048288220935502404,2.5338334760744803,3.1941635277866753,1.3659560733111826,1.9041640863070743,0.004174899191311576,0.06808360727621945
459,0.000125,0.0815356937396774,0.0006935543640896599,0.03375675880069344,0.04708538057489429,0.19480596407492562,0.23370905501343225,1.2147375649579062,1.6305070938929989,0.004036086399131827,0.06686246973830327,0.22469522016049706,0.13069262195615572,0.0457847213743721,0.04821787682996929,2.5463957594870537,3.2081954636220007,1.3640697445964771,1.900459546772121,0.004170763930045227,0.0680135180606488
460,0.000125,0.08112513763116014,0.00042133297877886667,0.033687625313639905,0.047016179338741367,0.14362363859648386,0.18215790039572574,1.2133940931136673,1.6288366139546593,0.004033463781856132,0.06676872831116061,0.2208146050643327,0.12687462529518306,0.045755656094527704,0.04818432367462192,2.5159987772457684,3.160986720011875,1.363299515363934,1.8998878639088121,0.0041647960090629805,0.06796224682473473
461,0.000125,0.08091167142895213,0.0002931914760168467,0.033633824427378875,0.04698465552555642,0.12050490353570092,0.15195358645598506,1.2120939866135976,1.6275357657550011,0.004030100159338176,0.06673433317573947,0.22185832693974836,0.12801328260450687,0.04571544153662339,0.04812960279861809,2.5221533563413723,3.1751394360338225,1.3626458643454755,1.8993324566187844,0.0041601007413998095,0.06794477358173746
462,0.000125,0.08092378103626129,0.0004757036718044813,0.03353437486447791,0.04691370249997889,0.15532049752006288,0.19355461764039522,1.2108333203502257,1.6251499322310528,0.00402737309334587,0.06668711139105253,0.22435642148654059,0.13066894618747288,0.04562033869103602,0.048067136608031684,2.5443852531952933,3.207904858338125,1.3615652365659237,1.8969167589033946,0.004163107045882653,0.06785699913794627
463,0.000125,0.08164151479300231,0.0012727889419865087,0.03346252123241897,0.046906204618596826,0.27697597434514987,0.3166018743870123,1.2096412797719276,1.623386257050501,0.00403175267253999,0.0666726563663909,0.2216843881191197,0.12811818911886377,0.045525730354843925,0.04804046864541201,2.522978536837545,3.176440178388203,1.3598206007124847,1.8950207564429167,0.004157067973544583,0.06787883464966109
464,0.000125,0.08080583956459912,0.0004583262650638986,0.03342000124029273,0.046927512059242504,0.15213944954444197,0.18998646315689752,1.2085177210157467,1.6223548666375598,0.004032303313931049,0.0667154432348528,0.2209470695150684,0.1274683088905688,0.04547068969816471,0.048008070926334925,2.5179104641373544,3.168373680785127,1.3591149317515265,1.893879529302857,0.004158180686653265,0.06785759077180845
465,0.000125,0.0809206868425733,0.0006781471850843438,0.033386999077666686,0.04685554057982225,0.19347571982731285,0.2310985745268021,1.2082918188336895,1.6215522927683947,0.004028547387936954,0.06668382670593535,0.22366098285353847,0.1302734546759076,0.04543649156857978,0.04795103660905107,2.5418628685167417,3.2030465480271504,1.3583584665468038,1.8932346288939979,0.004154530403841096,0.06780269883263185
466,0.000125,0.08150654108320964,0.0013996681790195938,0.03330381237105875,0.04680306053313129,0.29787249222749695,0.3320074503736489,1.206584932828682,1.6195315139760185,0.004018415440171371,0.066596478156882,0.22360878562451897,0.13030219951347388,0.04538768054737728,0.04791890556366779,2.5428438618308142,3.203399904633941,1.357135828573094,1.892310313351863,0.0041556309261665154,0.06778873201264957
467,0.000125,0.08144198701639598,0.0014446150348506814,0.033253716836027486,0.046743655145517794,0.2999443395637012,0.3372961237150248,1.2051099906109688,1.618334485986466,0.004021961361101673,0.06659057642135541,0.2220809117814981,0.1288855922930323,0.04527040527031928,0.047924914218146555,2.534599837916444,3.1859391066007223,1.3555832075339749,1.8896731728071499,0.004145231896516168,0.06781051218923158
468,0.000125,0.08100390437832002,0.0011104976470739762,0.03314043772529191,0.04675296900595411,0.2555417312520864,0.29572913046004823,1.2035708306897581,1.6155533324181828,0.0040192421949572016,0.06661063193230525,0.2232497008082062,0.13013632212467346,0.04523260852246397,0.04788077016106877,2.5395216867794845,3.2013602582144056,1.3550291732445903,1.888786985513361,0.0041471522988988894,0.06775928778605411
469,0.000125,0.08061672498784019,0.0007625194417058247,0.03313345725665696,0.0467207482894774,0.2012054636303608,0.2450534073700736,1.2031305857308046,1.615405637497922,0.004012701990172917,0.06657984445265253,0.21761826828406045,0.1245144258483078,0.04523090664176007,0.04787293579399263,2.493203299468705,3.131447392941042,1.3546713938384842,1.8891283533550447,0.004141810561502427,0.06778091960931774
470,0.000125,0.08032871826396953,0.0005834205175952811,0.033070708985992174,0.04667458876038207,0.1758690028194166,0.21435130607205127,1.2027840954584976,1.6138541235519337,0.004004279339827214,0.06653204703341939,0.2229702337099109,0.1300500290931345,0.04512425271473585,0.04779595190204055,2.543396668131954,3.2002986756842033,1.3535551143600522,1.8867458754259632,0.004138449085826675,0.06771892674035783
471,0.000125,0.08093069072753445,0.0013490836448057358,0.03300227681131568,0.046579330271413026,0.2852165684137441,0.3259528056548829,1.2012200663139598,1.6122051507473598,0.00400521572627753,0.06648066002836732,0.21992841658120685,0.1271360300105849,0.04502930214251159,0.047763084428110295,2.5132272671832148,3.1642413962588782,1.3515506035942983,1.8850870573579335,0.00414193751226638,0.06776111199532753
472,0.000125,0.07995634472710418,0.00047670996085392357,0.03291458462173403,0.04656505014451623,0.15778553203767395,0.1937592292582168,1.1992912793702482,1.6100638056556138,0.004007008279030818,0.06645827440263109,0.21950787265435256,0.12684688654861495,0.04494520361903885,0.04771578248669875,2.508285266972092,3.1606411560289014,1.351222646092108,1.8825605043071196,0.004139520714957779,0.06761392173920049
473,0.000125,0.0803178136002156,0.0009928300540886132,0.03283896756314448,0.04648601598298251,0.2341609974973567,0.2796229045558219,1.1981535985451794,1.6081881361549606,0.0039992911060655525,0.06640743512043358,0.22185009735186886,0.1293460905040717,0.04487380267164614,0.047630204176150985,2.5355734191576675,3.191625588280789,1.3501480675382864,1.8811031277798558,0.004132586102494674,0.06752633737985216
474,0.000125,0.08010545057499942,0.0008148096899508933,0.03281299287147553,0.046477648013572986,0.2054683145523002,0.2533164408761021,1.1981337256846452,1.607552441361717,0.003998441674891306,0.06640338792880657,0.21658623538901048,0.12403234952155706,0.04491893078696299,0.04763495508049039,2.4870060249040002,3.125379579371999,1.3498394358878167,1.8823679843682846,0.004130273257910844,0.06759372129750019
475,0.000125,0.07939994389312854,0.0003255909681665027,0.032684485949473256,0.046389866975488775,0.127570888908772,0.1601295412799274,1.1958691283826857,1.6044007008341952,0.003991579248448744,0.06634151540713558,0.21708562149274632,0.12478399969950418,0.04472806704993717,0.04757355474330497,2.492036505787447,3.13483535351564,1.347510811894788,1.8783181357341647,0.00412614809008385,0.06754924960119542
476,0.000125,0.08023904434002553,0.0011191748103791,0.03271542416929716,0.046404445360349274,0.24398625993190876,0.2968822606541334,1.1956768836186176,1.6051619021051733,0.003993544154401678,0.06635320863837134,0.21582828045869498,0.12349377925302393,0.04476650184965186,0.04756799935601921,2.480194309480159,3.118586723592573,1.34755576299996,1.8792980389954523,0.004122201204290164,0.06755183991277273
477,0.000125,0.07998542297475263,0.001078940925227753,0.03256619728607955,0.04634028476344532,0.24548809084299758,0.2914970193104452,1.1935629207115437,1.601495086732177,0.003986391869590876,0.0663218250960825,0.21726630454012866,0.12514275226928795,0.04462055026348149,0.047503002007359206,2.4968753748805432,3.139338427131055,1.345777253085816,1.8759494685873168,0.0041141064881437825,0.06750601601593549
478,0.000125,0.08012612053995771,0.0013634466689245734,0.032535414186723836,0.046227259684309296,0.26600966807707027,0.3276833406978732,1.1926829568483528,1.6007390373901178,0.00398133244194133,0.06620111118251959,0.22952796805736184,0.13754003098148546,0.044571266798971346,0.047416670276905076,2.620215083619472,3.291166424851638,1.3449747840202257,1.8749451104394332,0.004116469563275834,0.06744919460124664
479,0.000125,0.09171047860160204,0.012842344930938865,0.03258682025795121,0.046281313412711994,0.861670783306403,1.0056745275838195,1.193191785801705,1.6020044943832614,0.003977892247086329,0.06629798074531852,0.2653913601059033,0.17335545133380262,0.04460476201887002,0.04743114675323065,2.98216434687765,3.694911464091354,1.3451426463934264,1.8756493069874485,0.004119523923173854,0.06745735440288562
480,0.000125,0.1115722727977877,0.03252339574520791,0.03260891799471261,0.04643995905786718,1.3980636835830242,1.60041726123973,1.1931742339006612,1.6025441603849022,0.003992724369193114,0.06649674584368627,0.2871516876981312,0.1948414425267322,0.04466959347057944,0.04764065170081954,3.1914393592252255,3.917201869336731,1.3453393193607843,1.877134854505447,0.00412385088672979,0.06767011092538991
481,0.000125,0.13684905528411317,0.057241003565297106,0.032869906488690016,0.04673814523012604,2.0025330216541497,2.1231902179463193,1.197734005296577,1.608945891886249,0.004021659868941529,0.06663494114801226,0.26115923621220394,0.1682673593367512,0.04477663417100616,0.048115242704446524,2.916743730075087,3.6403482531748006,1.3472520167391846,1.8798682248694927,0.004144222829418924,0.06817107716999976
482,0.000125,0.10921796272981489,0.029018397003596652,0.03317248260572855,0.04702708312048972,1.3621370776424189,1.5117222109334671,1.2028356476971254,1.6163312943021393,0.0040392562996636,0.06694496972200836,0.24143393058395668,0.14825896972444808,0.04491029032639641,0.048264670533112175,2.7377383667105333,3.4170062555425402,1.3493405833928138,1.8824323363174666,0.004159196064254738,0.06826347330767199
483,0.000125,0.12082974025221387,0.04047367127396058,0.03315144887587849,0.047204620102374785,1.6678378105029306,1.785342670644098,1.203264919859761,1.6158186478129708,0.004056133865592821,0.0670948438764714,0.26139011730480116,0.16822700824799353,0.04493527424384408,0.04822783481296358,2.9307730556357563,3.639847143548275,1.3497678210034127,1.8827690487672004,0.004169247002893871,0.06822316253622777
484,0.000125,0.11674788389631746,0.036442527528693806,0.033063030590946764,0.04724232577667687,1.5273367031806457,1.6941019026824897,1.201773272542827,1.613663167949975,0.004049148861247105,0.06711121414877567,0.24078190154636395,0.14756522445517883,0.044937948354931714,0.04827872873625342,2.7122734503481274,3.4090023164544534,1.3495716160875786,1.8825303281308543,0.004156511035430413,0.06822854570784787
485,0.000125,0.10919328297351333,0.028954362734272914,0.03303656789839454,0.04720235234084589,1.376805187024754,1.510053347396484,1.201032158049914,1.6130195431655896,0.004042441372504681,0.06705112197858469,0.2590348178460502,0.16580642664171655,0.044900642937205644,0.048327748267128025,2.9011905143686025,3.613605113098382,1.3482104108907764,1.882612110457412,0.004153333763699763,0.06835792969510356
486,0.000125,0.10598379922575661,0.025779777674006344,0.03308037518512676,0.047123646366623494,1.2993843884325915,1.4248687732748129,1.2010907609647405,1.6140869690434472,0.004038938267284397,0.06701652201890242,0.23548663668652364,0.1423340022290484,0.04484705121262269,0.04830558324485256,2.6872659416712916,3.348032118184065,1.3480397207887502,1.8818405916342353,0.004153604141560128,0.0683541473271522
487,0.000125,0.11287152234497612,0.03273636765426149,0.03289492182294473,0.047240232867769925,1.5106547267187747,1.6056486915099442,1.1989840024607716,1.6095560246791683,0.004036473009203254,0.06714727936186446,0.2694211962600253,0.17616135826772902,0.04496418811391907,0.0482956498783772,3.006768794131569,3.724694091916947,1.3493768380609334,1.8843782317078808,0.004163362027654201,0.06833073299145266
488,0.000125,0.10657474788380035,0.025962313985542385,0.03324101668694699,0.04737141721131097,1.3059787935282232,1.429904338708989,1.2035401426642685,1.6180025667439182,0.00405844254272867,0.06724194564041377,0.24642518968729962,0.15305700675691383,0.04504464202788655,0.04832354090249928,2.7727930902959703,3.47185751062827,1.3503450635032037,1.8858843558964886,0.0041670343110853415,0.06834740971669971
489,0.000125,0.10870508818595032,0.028325676722004384,0.03309046572174305,0.04728894574220288,1.3882946633202378,1.4935694853734947,1.2018257185438292,1.6143330147577664,0.0040474662028186295,0.06717320400819772,0.2491138879615113,0.15533537328919303,0.045323051262330986,0.04845546340998727,2.806250870535072,3.4976026367225455,1.35330139677065,1.8924618609927346,0.00416055350391551,0.06847618269286636
490,0.000125,0.10479245645496127,0.024306003063099407,0.03314088225248742,0.04734557113937444,1.2729421157636667,1.3835410812781643,1.2031442150119127,1.6155857550490145,0.004052773403889494,0.06713396500763537,0.23056689755975235,0.1369537043825873,0.04516151091079596,0.04845168226636907,2.631427300832083,3.2841438898417947,1.3518712763943324,1.8884360432452085,0.004164247281560739,0.06843182180103312
491,0.000125,0.10770646432854691,0.02714915484771394,0.03319683102314502,0.04736047845768795,1.373164522465879,1.462222432327326,1.2037662113501328,1.6169263355495993,0.004053850581271113,0.06717979049630624,0.2692466504128969,0.17574628578196877,0.04514123970918012,0.04835912492174807,2.9964048269048775,3.72030343039105,1.3519382712094996,1.8872359785165356,0.0041649640464802035,0.06827979892870292
492,6.25e-05,0.1041094694081073,0.023706408077689135,0.03309620716094943,0.04730685416946875,1.2595580366323498,1.3663695119387944,1.2024237738471393,1.614473657059028,0.004044335439650752,0.06718646998132426,0.24573287833145635,0.15214881574864914,0.04520625569538444,0.04837780688742278,2.765074804111515,3.4615417428191524,1.3528488094508584,1.8884304195556558,0.0041714809199167565,0.06826507720917042
493,6.25e-05,0.09519868763542698,0.014669415604442149,0.0331722942371522,0.04735697779383263,0.9634557712146895,1.0748347312995903,1.2036212998992708,1.6163270097553335,0.004060605381190694,0.06718472350041735,0.2292605876468195,0.1357419142134348,0.04510679624504533,0.04841187718833941,2.619283607517122,3.269582269481684,1.3519534229642427,1.8865152769482152,0.004163038181268618,0.06835138415453393
494,6.25e-05,0.08916105002123902,0.008962447781733975,0.03299116462893648,0.04720743761056856,0.7728893586703454,0.8401340837317233,1.2007723690795016,1.6119101598558034,0.004042393654179381,0.0671122366289937,0.22414786160520334,0.13068859623133314,0.045172115088364787,0.048287150285505336,2.5456053965876126,3.2081460522261813,1.3523350292423637,1.8883105489861225,0.004159109710557616,0.06825895979816828
495,6.25e-05,0.0839667521711173,0.003964537315238171,0.03291361390060394,0.04708860095527518,0.48661811434644847,0.5587680171052426,1.1995508907507295,1.61001483397886,0.004034421512568024,0.0670452601029629,0.2319444945444293,0.13872391589701447,0.04506897324771652,0.04815160539969836,2.625056667317749,3.3053005412852277,1.3499964791811134,1.886640721640867,0.004160875548108293,0.06816112395957458
496,6.25e-05,0.08262106196793269,0.0029917145909953845,0.03269430238233482,0.046935044994602486,0.43068247014817884,0.48539507414423555,1.1957362870596477,1.6046636818188296,0.0040185701029839364,0.06692280293407663,0.22687951058430536,0.13370686172772378,0.04510019008462607,0.04807245877195548,2.57621148600909,3.244980808966285,1.350164003343916,1.8873822381543228,0.004155945059101829,0.06810103351205614
497,6.25e-05,0.08155172677906986,0.0019567968793480863,0.03274119721389732,0.046853732685824455,0.34041826404409387,0.3925619104351097,1.196574088131696,1.6057937120347496,0.004022360944962522,0.06683271677044987,0.22310877459559975,0.1302732277131033,0.0448841941790351,0.047951352703461375,2.5390151796377554,3.2030437578488447,1.3474514489052956,1.882604942994861,0.00415737779334278,0.06803017876605141
498,6.25e-05,0.08039331800770105,0.0010129230802462539,0.03265550428984431,0.04672489063761049,0.2354687734220482,0.2824382542437854,1.1949625819885803,1.603712479322701,0.0040224926515347835,0.06669714439311676,0.2173275787071458,0.12454620395006287,0.04489728563152316,0.04788408912555979,2.490170493503521,3.1318469655476933,1.3480959460638962,1.882756716169786,0.004154070306798448,0.0679592346488655
499,6.25e-05,0.07975133777404321,0.0005842235295254748,0.03255368836269446,0.04661342588182327,0.17327428881487258,0.21449877043190294,1.1932488027719725,1.6011879305604007,0.0040113866920143135,0.06666602268733747,0.2163625303480128,0.12388847106013991,0.044685132557287385,0.047788926730585525,2.4844162673201544,3.1235663214153617,1.3453656484756669,1.8782596845464283,0.004147755163559637,0.06788781884102858
500,6.25e-05,0.07946143128511826,0.0004921663699402766,0.03246770971731156,0.04650155519786642,0.15897018217251177,0.196875308800699,1.1916242249098168,1.599072494407642,0.004012005596018667,0.06657662007994676,0.21635597277733412,0.1239302411379223,0.04469353884229443,0.04773219279711747,2.484608941335648,3.1240928458454587,1.345509471856171,1.87840297165841,0.004145995037355055,0.06782406912809275
501,6.25e-05,0.07924362071032062,0.00032531024100637885,0.0324088426372383,0.04650946783207594,0.1288319334538994,0.16006049389705848,1.191121802976167,1.5976212659658091,0.004009811583828347,0.06652230470429771,0.217414009796253,0.1251115915231779,0.04462968756067696,0.04767273071239815,2.495026768129017,3.1389475526443715,1.344699559225606,1.8769496108371346,0.0041411768307618065,0.06778060195520255
502,6.25e-05,0.07900011137525202,0.00028828388326346494,0.03231086562777565,0.04640096186421291,0.12055125001656072,0.15067648025477004,1.1891086129371033,1.5952271400295488,0.003995409527316937,0.06647289625824596,0.21727866189925904,0.12507412144467886,0.0445914420146975,0.04761309843988265,2.494690899244392,3.138477470630401,1.344084166735925,1.8761335680623312,0.004134390552691569,0.06773092193991062
503,6.25e-05,0.07895564397474533,0.00029387768914895996,0.032317547340067136,0.04634421894552923,0.12153000696491816,0.15213130582649592,1.1888461206275407,1.595369421840687,0.003991117546509923,0.06640107017522578,0.2161234571920897,0.1240338894610949,0.04452531575714963,0.04756425197384518,2.4864885006975554,3.125398981087194,1.3432698192364805,1.8746657664673987,0.004126749328536441,0.06769041301506186
504,6.25e-05,0.07886230687461367,0.00026301922653541735,0.03227152813650017,0.04632775951157806,0.11535311886222187,0.1439226122742695,1.1880950798410845,1.5942331071559745,0.003989317787617728,0.06641200062208831,0.21603718906551442,0.1240204370338005,0.04449393880453291,0.04752281322718102,2.4861896633962473,3.125229489732328,1.3428403207362878,1.8739305696811885,0.004124064941160497,0.06765093810994208
505,6.25e-05,0.07882240414518236,0.00023713852848308677,0.03224681636755141,0.04633844924914785,0.10806909149512542,0.13665840427261064,1.1882438515378833,1.593622372120139,0.00399525600984779,0.06639211549078113,0.21636776531923074,0.12440064074103556,0.04447653434664524,0.047490590231549966,2.489869293477773,3.130016259513869,1.342508180325314,1.8735505300158726,0.004121090567898822,0.06761597969055506
506,6.25e-05,0.07865090526045139,0.00022719034765860508,0.03220860091679856,0.046215113995994234,0.1055746499020111,0.13376122056489695,1.18776453578181,1.592677802979619,0.00397705813169688,0.06631354215153223,0.21565030659708487,0.12379413689863213,0.04440601432425047,0.0474501553742023,2.484676993755915,3.1223768841711057,1.3415471805408916,1.8719444164813943,0.0041175681607437745,0.06757779945105524
507,6.25e-05,0.07847617633098684,0.00022978585452240548,0.03210418393193791,0.04614220654452653,0.10587438484966276,0.13452311961059343,1.1852059919707192,1.5900943767272837,0.003977404597745809,0.06627460129691753,0.21571626349734846,0.1239090147055659,0.04439180152912694,0.0474154472626556,2.486165374997304,3.123825291361434,1.3412371804005565,1.8716050448333612,0.0041155756260605175,0.06754779937643478
508,6.25e-05,0.0785172961710692,0.00021819780837387744,0.032102421478443575,0.04619667688425174,0.10362714394529622,0.13108725732378693,1.1850901528016915,1.5900733470507058,0.003979314585050214,0.06631303267970132,0.21545801314829954,0.12375250176214471,0.04432720925521394,0.04737830213094094,2.4838990498854803,3.12185177238874,1.3404388041520836,1.8701654815714586,0.004112779293516737,0.06752114389035717
509,6.25e-05,0.07836889810918675,0.0002256754412253401,0.03204437724937558,0.04609884541858583,0.10564895902719641,0.13331451439660752,1.1844989851418979,1.5886121084293712,0.003972405899094057,0.06625673008908153,0.21501996152332958,0.12336192336977174,0.044306754683133026,0.04735128347042482,2.4809750254577025,3.116921401538298,1.3401592455995808,1.8696634901748934,0.004110488051632602,0.06749208198800712
510,6.25e-05,0.07842210494433484,0.00021916017543329466,0.032084654039333596,0.04611829072956796,0.10351590556552231,0.13137602113856892,1.1850027547777595,1.589610089551191,0.0039716930520526045,0.06624445878630736,0.2154156016138311,0.12384735542197428,0.044254581458260944,0.047313664733595884,2.485233900577584,3.1230479597100023,1.339399690173778,1.8684670702474386,0.00410793286600746,0.06745532184944138
511,6.25e-05,0.07828187762065013,0.0002227925606844805,0.031985194693922185,0.04607389036604348,0.10408921842523274,0.13246026742567546,1.183561558175379,1.5871445623213112,0.0039683818117742424,0.0661579220903598,0.21501344697274552,0.12348055292033215,0.04424362353368392,0.04728927051872947,2.482502190724801,3.1184197169175936,1.339162891860499,1.8682887159511932,0.004105889398974572,0.06743566513981156
512,6.25e-05,0.07821482996308417,0.00021077091135942176,0.03199024401315979,0.04601381503856497,0.10094346097042094,0.128837005346248,1.1834777179371172,1.5872704072595825,0.003966448685145841,0.06617650911877467,0.21467903645438938,0.12323287906192101,0.04419070978378161,0.04725544760868674,2.4800254495078145,3.115290727349259,1.338448768067094,1.8671140432582458,0.004103548881114416,0.06740583430458741
513,6.25e-05,0.07821478167472719,0.0002211224936579935,0.03196607612652152,0.04602758305454768,0.10355981724607027,0.13196286830108173,1.183021067771253,1.5866925069674047,0.003969773068746206,0.06615684450026753,0.21514437385901988,0.12375239742156005,0.04416776102049037,0.04722421541696942,2.4849716167342057,3.121850456308472,1.338059889486881,1.8665877393682222,0.004101996892846844,0.0673753368465569
514,6.25e-05,0.07822650205560941,0.00022668070755405264,0.031982719911497155,0.04601710143655819,0.10550227934207686,0.13361110777079088,1.18268595166203,1.5870829043723704,0.0039656897546336495,0.06615200494852445,0.21426322271629042,0.12293998922995927,0.044121304126342985,0.04720192935998814,2.476619732371518,3.11158644087912,1.3373513613698143,1.8655971066880177,0.004099025388098734,0.0673585925749111
515,6.25e-05,0.07812784082873879,0.00021713187079826582,0.03194333710415665,0.045967371853783884,0.10298750446231966,0.13076667228703714,1.1827638188793865,1.5861055139616789,0.003968545159689319,0.06608647027317044,0.21432830581212756,0.12306276606135626,0.04408961677504268,0.04717592297572859,2.4780901482442554,3.1131397816262667,1.336928999490596,1.8649128864450635,0.004097307255179806,0.06733346200143268
516,6.25e-05,0.07804936427454594,0.00024535706565701675,0.0318978568457273,0.04590615036316162,0.1093075741997041,0.13900632747218486,1.1816351937030631,1.5849981522332535,0.003957381193870239,0.0660846100880924,0.21461812175674155,0.12340870900316094,0.04406123287649237,0.04714817987708825,2.481457608416936,3.1175123995984007,1.3365433901228971,1.8643043056258952,0.004096033816076449,0.06730976562523559
517,6.25e-05,0.07808184170313498,0.00024374521441564197,0.031874307076485385,0.04596378941223395,0.1104775564440019,0.13854898030666954,1.1814770210380106,1.5843905113567782,0.003961421628776055,0.06611508201979201,0.21384870234809433,0.12270977079981688,0.04401725767835051,0.047121673869926946,2.47482730060515,3.108671684568076,1.3358449538741843,1.8633637671277796,0.004093174082103119,0.0672946190325701
518,6.25e-05,0.0778859103908073,0.00021617814408307138,0.031760502755198435,0.04590922949152581,0.10301985516370032,0.13047916746442537,1.1795177058337343,1.5815598249872345,0.003957688836037433,0.06606916954533518,0.2139690081151081,0.12287165566782346,0.043999556170314875,0.04709779627696978,2.4762241979304855,3.1107215663160073,1.3355096068002108,1.862980305727169,0.004092536624358302,0.06727445627532441
519,6.25e-05,0.07775358113254043,0.00021358134456789542,0.03170286535586748,0.04583713443210507,0.10143568532607314,0.12969312148374942,1.1780823981845314,1.5801239141426204,0.00395672470843054,0.06600369491726568,0.21368415006437597,0.12265080360649411,0.043960151056027866,0.04707319540185396,2.4737814742354125,3.1079246712313218,1.3349129481074493,1.862099566555175,0.004091466866088349,0.0672492469433054
520,6.25e-05,0.07778825187638329,0.00021565465126286885,0.03176326280844343,0.045809334416677006,0.10243679420331725,0.13032108879451457,1.1793175337330608,1.581650966922419,0.0039480758992228755,0.0659824395888418,0.2137828556134058,0.12278589810918461,0.04394817880685216,0.04704877869736901,2.4754758417302596,3.10963582180304,1.3346540644027731,1.861860939285722,0.004088600365725594,0.06723013926364259
521,6.25e-05,0.07785757934941873,0.00021510480192214122,0.03181543687539657,0.04582703767210002,0.10249674444232773,0.13015484452883455,1.1800463940266739,1.5829265887948476,0.003954346730044878,0.0659957036062899,0.2133192715009332,0.12239741085254813,0.04389880021163585,0.047023060436749205,2.4714918478987733,3.1047125733908283,1.3339617980046024,1.8607960421799514,0.004086392680467761,0.06721646161126332
522,6.25e-05,0.07763172941778963,0.00020942612814680772,0.03168021053860868,0.04574209275103414,0.10034281640318272,0.1284253378080266,1.1774045975918879,1.5795593314980934,0.003945389091177201,0.06596157620252051,0.2134209640214147,0.12255927938207635,0.043864203073116156,0.04699748156622217,2.4733398081223834,3.1067648603177647,1.3334521912066057,1.8600130949333813,0.004083869852047149,0.06719127202719626
523,6.25e-05,0.07762093312738856,0.00021979092897351883,0.03168513639229378,0.04571600580612128,0.10278460242037109,0.13156493856782112,1.1776613545127073,1.5796818780230755,0.003942577377265087,0.06596998864121605,0.2133826170542278,0.12257346515857655,0.04383755259012926,0.046971599305522006,2.4732302307198655,3.106944653300249,1.332957412140343,1.8594703698860415,0.004082813918590978,0.06717300371115738
524,6.25e-05,0.07769473296878665,0.00021135918930349282,0.031725250398413514,0.04575812338106965,0.10065486810026772,0.12901667710104764,1.178417276439547,1.5806814346050087,0.003948075342054309,0.0659639965101478,0.21305469950365938,0.12229195941772994,0.04381245838366729,0.04695028170226214,2.4709676791867117,3.1033748533241354,1.3325409416922405,1.858970513853124,0.004080292986541072,0.06715845722518884
525,6.25e-05,0.07748077375027962,0.00021560027666901112,0.03158101363683965,0.04568415983677097,0.10239353681417221,0.13030465834415947,1.1759718475071776,1.5770844559359147,0.0039410926649540035,0.06593701748062084,0.2129653335431391,0.12226968393967536,0.043767530183550646,0.04692811941991311,2.470231393050952,3.1030922006285153,1.331882542197366,1.8579583065805254,0.004078912514693129,0.06714051228943392
526,6.25e-05,0.07746423048721109,0.00021155523092470535,0.031584803005432434,0.04566787225085395,0.101911063188353,0.12907649653920414,1.1759522427390523,1.5772014864108534,0.003941389049168215,0.06589310108274471,0.21263079069519933,0.12196893581254468,0.04375298781221946,0.046908867070435185,2.4676404925464026,3.0992734954303254,1.3315831175229909,1.8576596800493346,0.004078054452003477,0.06712929199509311
527,6.25e-05,0.07732603031451486,0.00022488042974353807,0.03149068263579361,0.045610467248977715,0.1056863470934833,0.13307948643659742,1.1747419788107323,1.5748271298543213,0.003936704663575831,0.0658595581628617,0.21243781424897037,0.1218726559593032,0.04368542470012085,0.04687973358954628,2.466454972953189,3.098050001492734,1.3306480826978362,1.8562167362389792,0.004075093982864062,0.06711507160715362
528,6.25e-05,0.07729209847119928,0.00022182338865921246,0.031460752118107,0.045609522964433075,0.10372631123176632,0.13217184509256508,1.1738112468842246,1.574078729860585,0.003933661761476228,0.06581139418699972,0.21239577556593245,0.12186576396177409,0.04367271321204039,0.04685729839211793,2.4663231607920117,3.09796240163121,1.330391803620338,1.8559038917626676,0.004074350175993813,0.06709113863240218
529,6.25e-05,0.07723689766597984,0.00021665447342723192,0.03150242285785534,0.04551782033469728,0.10307021235190057,0.13062283799887103,1.1742812821306137,1.5751428354334713,0.003926046375889161,0.06581331968809623,0.21218305118878805,0.12173046404488053,0.04361858424861796,0.046834002895289585,2.4652008379949297,3.096242187315521,1.3296514467931901,1.8547398593160715,0.004072036329722752,0.06707407368265843
530,6.25e-05,0.07724204482725512,0.00021665633727801898,0.03143487651739869,0.04559051197257843,0.10243777946275481,0.13062339986149643,1.1734405825818908,1.5734310724349985,0.003936050682017345,0.06585411158996758,0.2119807822634283,0.12156332891344593,0.043604758091764236,0.046812695258218184,2.463301373072337,3.0941158970851252,1.3293393920070025,1.8544406891074676,0.004070185455009906,0.06705338818482949
531,6.25e-05,0.07716612447142676,0.00021928309974575153,0.03141403610514968,0.045532805266531334,0.10273910808767554,0.1314128595906226,1.1728596596785321,1.5729092508639648,0.0039269325026209025,0.06576744304753313,0.21204835943683092,0.12170812893270308,0.043554772222342095,0.0467854582817857,2.4649703999431614,3.0959581249508243,1.3286112082951704,1.853369846978506,0.004067593335259629,0.06703129546013395
532,6.25e-05,0.07712182861004432,0.00021947444927839508,0.03139197138796101,0.045510382772804926,0.10315130498863767,0.13147018344566036,1.1721969928491125,1.5723796601116113,0.003928020054529872,0.06577913436179382,0.211819828452344,0.12151611264335482,0.04353760807042127,0.046766107738567944,2.462704544261795,3.093514947761149,1.3283197757478364,1.8529770207119138,0.004067591525978125,0.06701115662557638
533,6.25e-05,0.07702232240328553,0.00021090463699214646,0.03129866791355533,0.04551274985273806,0.10082580023324182,0.12887786981352084,1.1710418437143584,1.5700182859953131,0.003929483354562262,0.06580276816373157,0.21167767510747282,0.12141706003489561,0.04351407280536345,0.046746542267213746,2.461910274975798,3.09225386728329,1.3278518267216208,1.8524943134208887,0.004065927793605376,0.0669987574653549
534,6.25e-05,0.0770034842321347,0.00021121319524461583,0.031320556628289094,0.04547171440860098,0.10141225353460817,0.12897211097366662,1.1710428707626601,1.5705671669709447,0.0039257538671447776,0.06576668970772816,0.21150118605024404,0.12129678934842777,0.0434803786806848,0.046724018021131464,2.460883677328235,3.0907219588464097,1.3273176755527485,1.8517931545560815,0.0040650780617060836,0.0669862622752332
535,6.25e-05,0.07686847259063108,0.0002125909353697165,0.031243686349745583,0.045412195305515775,0.10139585206804892,0.1293920686940762,1.1697693599641634,1.5686387609990975,0.003923195459870282,0.06572163427033745,0.2115277131104326,0.12139597049166859,0.04343432412968323,0.046697418489080794,2.461759889771506,3.091985301011116,1.32665749073688,1.8507506426663374,0.004062601387887061,0.06696512402099598
536,6.25e-05,0.07697971582297707,0.00022186087211109126,0.03133739092406308,0.04542046402680289,0.10371748345870575,0.1321830117416773,1.1708524544883836,1.5710113819950633,0.003921620161174132,0.06572606841218143,0.21126538926344324,0.12117712189848973,0.04340962756117448,0.04667863980377901,2.4586822059431075,3.0891969799523227,1.3261075211242939,1.8502819938511117,0.004061758348664227,0.06695638308068542
537,6.25e-05,0.07689326010986693,0.00020770185882364243,0.03125602603543954,0.04542953221560373,0.10117787636260128,0.12789556257805562,1.170028739027341,1.5689485199653954,0.003924483156698572,0.06569415249430771,0.21111284211077003,0.12103516043652553,0.043412986923286476,0.04666469475095802,2.457861161461918,3.0873869211470497,1.326119992436085,1.8503554560199862,0.004060665741075328,0.06694042038725942
538,6.25e-05,0.07679242681682713,0.0002079442989038374,0.031242956668286023,0.04534152584963728,0.10091970115107761,0.12797018388079906,1.1696249733921695,1.5686423462093864,0.003917469960148358,0.06562323431277414,0.21072088048822252,0.12073811556206893,0.04334701767721111,0.046635747248942476,2.4538029417424934,3.0835960564451703,1.3252085398900084,1.8488941055699042,0.004057785916080682,0.06691887992397441
539,6.25e-05,0.07676340903374328,0.0002296957758361203,0.031175279124033162,0.04535843413387399,0.10497065200055604,0.13449674972146627,1.168586178410119,1.5669203254163824,0.003917771182422679,0.06569520558624924,0.21063506918105118,0.1207021039086959,0.04331968017780218,0.046613285094553106,2.454411614539503,3.083136161588037,1.3247867863117528,1.8482960847140664,0.004055625268225982,0.06690093035222734
540,6.25e-05,0.07665039200813521,0.00023315846501155058,0.031134331741110122,0.04528290180201353,0.10701371508206423,0.13550673422039644,1.167839251361849,1.5658916433186425,0.00391771763308609,0.0655905929018655,0.21070356854079864,0.12083253706149125,0.04328428335345724,0.046586748125850154,2.455389891532667,3.0848015616802655,1.3242164902879316,1.8475129219836313,0.0040528132549909395,0.06687987181880156
541,6.25e-05,0.07669811219659077,0.0002116729629780816,0.031159107651454996,0.0453273315821577,0.10171295913937964,0.12911240756020786,1.168122111267455,1.5665137513843546,0.0039121868813460445,0.06562728487087896,0.21067740486126382,0.12083930706943087,0.043266674309623505,0.046571423482209495,2.455537059198113,3.084887978127861,1.3238519682243144,1.8471538541356356,0.004051207962803405,0.06687363538383394
542,6.25e-05,0.07657448927685576,0.0002036026078804288,0.031051004799797347,0.04531988186917798,0.09936550216344973,0.12662718525222125,1.1665411657675737,1.5637940061268245,0.003913225583563534,0.06560288638276365,0.21041775513862732,0.12062526947653156,0.04324528632655188,0.046547199335543854,2.4533728474476546,3.0821547009647223,1.3235098267056555,1.8467101854334047,0.004050765027192105,0.06686043265318403
543,6.25e-05,0.07667017197979453,0.00020459469539937472,0.03114580235328612,0.04531977493110904,0.09976239744832867,0.12693531633843186,1.1679309638614208,1.5661799113840105,0.003919316145574033,0.06560421963378744,0.2102800040287136,0.12058015227167873,0.04317820555597122,0.046521646201063686,2.4528050678469993,3.081578241282411,1.322557258755388,1.8452191255115051,0.004049731100607757,0.06683609189452155
544,6.25e-05,0.07654903846882917,0.00022540495824650454,0.031053024621056354,0.045270608889526304,0.10520539047236116,0.13323459848824257,1.1660841025245743,1.5638451882540978,0.003914709624943439,0.06558913887517044,0.20969870657440606,0.12002308054402026,0.04316882002174301,0.04650680600864276,2.4471310335700402,3.0744516645266247,1.322339538122618,1.845046735135982,0.004047531536151545,0.06682617938234937
545,6.25e-05,0.07649754845380101,0.00021018660715357157,0.03103671425706182,0.04525064758958563,0.1022354298909533,0.1286582988891135,1.1658853040774202,1.563434235555581,0.0039076187595122255,0.06559832465993527,0.2099517322636512,0.12034514149553285,0.043127566471861487,0.04647902429625687,2.4506413137682697,3.078573777884806,1.3216497524022581,1.8441545577103708,0.004045489869331607,0.06680425418370373
546,6.25e-05,0.07639575500539725,0.00019787711179836958,0.031026881814815475,0.045170996078783415,0.09794838852601895,0.12483405165724656,1.165642182167132,1.5631866727985553,0.0039020915194801858,0.06551179042094044,0.20962658820841684,0.12005871780668981,0.043108359879181074,0.046459510522545926,2.448003869784851,3.074908063866161,1.3213334276077056,1.8437207834728557,0.004044292354988466,0.0667839777328731
547,6.25e-05,0.07628252221241642,0.0001994385827871807,0.030955678735452272,0.04512740489417696,0.09811967523373652,0.12532562371274789,1.1645365116935136,1.5613917907508508,0.003894706102597799,0.06547696121015183,0.2095146996960922,0.12001883405500645,0.04306085764092731,0.046435008000158484,2.447854257311077,3.0743972760585963,1.3206764793455104,1.8426980603536705,0.004040144145748675,0.06677202752761362
548,6.25e-05,0.07630226157574345,0.00020033074119817006,0.030944996071274423,0.04515693476327085,0.09819295194774559,0.12560562356326113,1.1645552770216956,1.5611223290201415,0.003903219084228038,0.06550560212721104,0.20908152721413922,0.1196393219586785,0.04302765427195389,0.046414550983506817,2.442162673641789,3.0695326446514746,1.3200166610362292,1.8419969377272263,0.004038978634057066,0.06676460560992295
549,6.25e-05,0.0762718881091173,0.00021643984056597763,0.03091612815676437,0.045139320111786944,0.10246075353175034,0.1305581199720536,1.1637990490978483,1.5603940345570417,0.0039000997616738258,0.0654824000058301,0.2094400668446378,0.12002708813868401,0.04302023162462285,0.04639274708133101,2.448154701570365,3.07450299236535,1.3199101442127612,1.8418276517506438,0.004038401709530395,0.06674169163527544
550,6.25e-05,0.07618441713112839,0.00023306018665442488,0.03085428307123032,0.04509707387324365,0.1070840768537182,0.1354781725701158,1.1626457845860714,1.558832591688251,0.0038941231732107645,0.065453503025381,0.2096025357043915,0.12029781614780105,0.04294413857403067,0.04636058098255978,2.4498398912562105,3.077968398636107,1.3187874191674522,1.8401693964489707,0.00403747875745104,0.06672104680018995
551,6.25e-05,0.07613544244750038,0.0002119705291532877,0.030833879370190748,0.04508959254815634,0.10168668812192125,0.12920312767622683,1.1617080602980223,1.5583170096956942,0.0038968507604436662,0.06546043158916469,0.20873796839320463,0.11942522333750745,0.04295756536292082,0.046355179692776374,2.4410485482897144,3.066784898469437,1.3190087162475441,1.8404562677399285,0.004035638183350855,0.06670980697870696
552,6.25e-05,0.07602785749477937,0.00021381840246197377,0.03079817028985342,0.04501586880246398,0.1013934887143142,0.12976507592669617,1.1616592668296544,1.5574149671718265,0.0038925772916415784,0.06539995553063084,0.2098443935747089,0.12064072464308051,0.042887780416208485,0.046315888515419915,2.4541367839768955,3.082352145868056,1.3178788824068404,1.838949038275668,0.004032752080521051,0.06668706171447751
553,6.25e-05,0.07594802588968906,0.00025162303805962254,0.030720696288458083,0.04497570656317137,0.11130180710271192,0.1407701216117106,1.1603121714785665,1.555454395438444,0.0038875186546306778,0.0654023998367401,0.20889439093625992,0.11969937531886941,0.04288482270721233,0.04631019291017819,2.44450863486709,3.070302929123221,1.3177279044368444,1.8389081698690362,0.004030970389285265,0.06668515933478993
554,6.25e-05,0.07591692472261531,0.0002238376064016275,0.030707107228491626,0.04498597988772207,0.10540682420704198,0.13277056748102484,1.1599559785812559,1.5551105385137303,0.003888576364197595,0.06535028276829534,0.2079934222202369,0.11887473826019314,0.042830211721643634,0.046288472238400116,2.434419057875514,3.0597086326021765,1.316921692774499,1.8376853448445805,0.004028831561723001,0.0666603767718887
555,6.25e-05,0.07591745137973176,0.00024522747743805376,0.030669057114528452,0.045003166787765246,0.11080065189482609,0.13896961371101854,1.159246309791602,1.5541689774738476,0.0038880710573281512,0.06539862200670919,0.20780365818940186,0.11871743485295018,0.04281452164355867,0.046271701692893054,2.4327250019829534,3.05768355172481,1.3166264328715662,1.8373925581052457,0.004028536247945346,0.06665787210156375
556,6.25e-05,0.07579724231198111,0.000258299686642584,0.030604632876141995,0.04493430974919652,0.11265174632525625,0.14262551467704532,1.1584541850439538,1.5525138526953552,0.0038861367892034874,0.06534142332007373,0.20771413513611167,0.1186843617867062,0.0427772688467779,0.04625250450262755,2.4314951303854615,3.0572576074726987,1.3159158797039965,1.836629171180975,0.004028092210330144,0.0666570892965311
557,6.25e-05,0.07586241029429401,0.0002460670674123803,0.030680777608331475,0.044935565618550145,0.11117491082404889,0.13920730689282962,1.1592085174192674,1.5544434213689096,0.0038846871441307602,0.06535433977206936,0.20795141737479225,0.11900526655435925,0.042721262416308595,0.046224888404124406,2.4356891625855854,3.0613880010753056,1.315116127797091,1.8353671477493114,0.004025530440525315,0.0666269777273187
558,6.25e-05,0.07573141572897414,0.00022919932914600117,0.030616590954546347,0.0448856254452818,0.1058520551010651,0.13435132566683075,1.1582303205106754,1.5528168238413471,0.003880078467734848,0.06532599634852833,0.20807649924963698,0.11915341214138925,0.04272293333117594,0.04620015377707186,2.4390633875911463,3.063292917036676,1.3151919652711566,1.8353797066702198,0.004024569002045943,0.06659969807015416
559,6.25e-05,0.0756987255547658,0.0002477027028340209,0.030569187096191743,0.04488183575574004,0.1099952443305925,0.1396692038950476,1.1573376484613607,1.5516364138171876,0.0038792830565198342,0.06536050615099086,0.20877976186455827,0.11994426435430419,0.0426646777462763,0.04617081976397782,2.4482800854988698,3.0734420405392937,1.3143301326028651,1.8340980745316746,0.004022519336438577,0.06658178352506015
560,6.25e-05,0.07566083331900054,0.0002997352667707274,0.030516829205954433,0.0448442688462754,0.1226933205749898,0.1536399677872406,1.1563166695562703,1.5502849000851864,0.0038751044729086357,0.0652817177085095,0.20856756363654075,0.11973828204568915,0.04267332768553062,0.04615595390532094,2.4469571212758354,3.0708018696243364,1.3142686689560465,1.8343123916382245,0.004020124972872642,0.06657210861571174
561,6.25e-05,0.07564914499934171,0.0002974670019078493,0.03049986529291385,0.04485181270452001,0.1222305640713223,0.15305752387154584,1.1559300793021352,1.5498534092548024,0.0038774019113108262,0.06527840175465424,0.20776595424170868,0.11902981889050805,0.042606840130587076,0.046129295220613535,2.4374167745676845,3.06170378690191,1.313311615003148,1.8328451124958678,0.004018615660683684,0.06655283682501403
562,6.25e-05,0.07546388814115759,0.00022084388493483364,0.030473475446601773,0.044769568809620984,0.10436819785279194,0.13187970716763447,1.156117983290337,1.5491825983648755,0.0038754034285889186,0.06523903158700003,0.20732005008727444,0.11863889062582264,0.04256807635701789,0.04611308310443391,2.4331553666435717,3.056671892683676,1.3127133197925185,1.832000684091511,0.004017285832585357,0.06654304877640424
563,6.25e-05,0.07550128598853645,0.00022594397624984335,0.030467146109759525,0.044808195902527076,0.10524162604124301,0.13339380741421542,1.1556700371877289,1.549021699729068,0.0038743373126105454,0.06527494406539033,0.20679165253371806,0.11813658988159283,0.04255254379467739,0.04610251885744786,2.4267512214285643,3.050194264905826,1.3124023491219021,1.831673164698229,0.004017242382290461,0.06653059926456258
564,6.25e-05,0.07537548383733571,0.00020201425579615925,0.030420881752937362,0.04475258782860219,0.09912632990982793,0.1261322938544242,1.154825002153301,1.547845347291198,0.0038742039755406675,0.0652050796309387,0.2068761225010424,0.11830383745103017,0.042495176248204376,0.04607710880180784,2.428296914593131,3.052352601927557,1.3114515032997538,1.830443579929007,0.004014916759354494,0.06651453951788139
565,6.25e-05,0.0753545043437553,0.00020641485275258605,0.030430974067986876,0.04471711542301584,0.10053468597084658,0.127498700106911,1.1546291612735047,1.5481245866893032,0.0038684718279140416,0.06518645691491702,0.20639133808122717,0.11781358545498863,0.04251199139289141,0.046065761233347144,2.4242406895378603,3.0460215500141485,1.3115836782002703,1.8308125166585336,0.004014573047678409,0.06650768120151668
566,6.25e-05,0.07522662792226822,0.00019624867792249093,0.030297124659183664,0.044733254585162065,0.09777244503717022,0.12431932826086657,1.1522615791960396,1.5446938385314735,0.0038753954803578123,0.06515551187027924,0.2069346577708805,0.11847989893776015,0.04242597582506853,0.04602878300805178,2.431143404039741,3.0546230352252763,1.3103883134545635,1.8289365073164772,0.004012122022952283,0.06648607329139934
567,6.25e-05,0.0753417006450322,0.00018855294381524678,0.030347935207555143,0.04480521249366182,0.09550087359431747,0.12185741010441113,1.153645855969371,1.5459884584849297,0.003878135271721162,0.06522987633404201,0.2066222360903456,0.11817849529156396,0.042429142629286855,0.04601459816949475,2.4284372707450195,3.0507351993634124,1.3103292640096007,1.8289957657456166,0.004010651036070118,0.0664685880815794
568,6.25e-05,0.07515372620433126,0.00019532366089300605,0.030273054305674164,0.04468534823776409,0.09653609168214039,0.12402599297013366,1.1519056803696246,1.5440800427877182,0.0038713927121204685,0.06516515779751124,0.2066670245970239,0.11830164838925554,0.04237985958038232,0.04598551662738603,2.4293116402792743,3.0523243618294496,1.309566602646418,1.8279374906316732,0.004008304462857047,0.06644934292723054
569,6.25e-05,0.07508363079475727,0.00020542005228850815,0.030227316342852268,0.04465089439961648,0.09939820450387633,0.12719109396164366,1.1511603197754596,1.5429135347945602,0.0038629553682970066,0.06515080355035566,0.2068361298222732,0.1185256900177614,0.0423514887222803,0.04595895108223151,2.432775856963196,3.0552132660388125,1.3091424888369085,1.8273187958403423,0.004007258567852078,0.06642905599253757
570,6.25e-05,0.07511786422989766,0.0002206594695449627,0.03022304990255999,0.0446741548577927,0.10426584090179365,0.13182463267966452,1.1509976836000484,1.5428040774384797,0.0038639557284743304,0.06513669165276913,0.20645100971816385,0.11816710561848703,0.04233701523357147,0.045946888866105325,2.429049543116561,3.0505881856799424,1.3088202358872547,1.8270193204768195,0.004004753662963336,0.06642268458883684
571,6.25e-05,0.07513351663283427,0.00023990524787359288,0.030184743430098027,0.044708867954862654,0.10903151954672732,0.13745329624662414,1.150844316073209,1.5418259710809243,0.003868218117639271,0.06518095856874442,0.2062718277108593,0.11805691135227707,0.04228809568618315,0.045926820672399074,2.4268627551382544,3.0491654727701256,1.3079879980097548,1.825965355611123,0.004003074536573977,0.06641018251472723
572,6.25e-05,0.07501250614989545,0.0002493629344032051,0.030180111417697497,0.04458303179779474,0.11084558184961173,0.14013648980695334,1.1499466993939227,1.5417078500561172,0.0038538551688620036,0.06511971557527105,0.20626617980643724,0.11809855060450014,0.04226409886179672,0.04590353034014037,2.4284937160494406,3.049703153181465,1.307614927033941,1.8254409332209818,0.004000958717662313,0.06639023347147051
573,6.25e-05,0.07489488517117619,0.0002078719876384656,0.03015483332921566,0.04453217985432209,0.10121281550984422,0.12794793155299888,1.1499727038259937,1.5410619732446151,0.0038537383724968873,0.06506974993890804,0.20594971296402317,0.11782449863261782,0.042246689943988766,0.04587852438741657,2.425211219463667,3.046162624588105,1.307241441286644,1.8250475327095301,0.004001445247919746,0.06637700254345956
574,6.25e-05,0.074900942649254,0.00019489679548523594,0.030140378597766183,0.044565667256002583,0.09699911160437509,0.1238903940287086,1.14949280449228,1.5406924955712265,0.0038606804976630362,0.065103998925383,0.20561202562705636,0.1175422380757461,0.04220740854692451,0.04586237900438575,2.42154909731075,3.0425117407520808,1.3066988446180654,1.8241747477617174,0.0040006364859978705,0.0663655123879531
575,6.25e-05,0.07487554130232443,0.00019028361175292462,0.030136730771166173,0.044548526919405335,0.0960950919399239,0.12241537802444975,1.1493498032544842,1.5405995572317905,0.003855982248275909,0.06507033241027223,0.20580227161573655,0.11781522314928118,0.042149850157736986,0.04583719830871843,2.4251421887609994,3.0460427208948353,1.3058735113605007,1.8229234772644771,0.003997681601528,0.0663472538171259
576,6.25e-05,0.0749437606613005,0.00022475536827892446,0.03016886540006738,0.0445501398929542,0.10520476215840723,0.1330424769308025,1.149559915049319,1.5414203222349498,0.0038572307985692772,0.06503858897889947,0.20556888724639824,0.11762855208424627,0.04212296695846144,0.04581736820369054,2.4243461667597748,3.0436286294203643,1.3054032021016144,1.8223048700909563,0.003994655640635277,0.06632573000674744
577,6.25e-05,0.07483412442818997,0.00025764056408784523,0.03005275907376118,0.044523724790340925,0.11223792191683596,0.14244342435846868,1.147859848839666,1.538451527639835,0.003856810975768588,0.06505455004060129,0.2045584593668745,0.11665329923608488,0.04209885350457591,0.04580630662621374,2.412143256205035,3.0309850764874793,1.304886031042991,1.8218039792224687,0.003993319970751206,0.06632484618190881
578,6.25e-05,0.07500114083531251,0.00034831395991969906,0.030094861572912916,0.04455796530247988,0.13301391696610565,0.16562302988939506,1.1482830611260946,1.5395288622035597,0.0038596509940642143,0.06503967382558591,0.2040192201247199,0.11619303330959083,0.04203735323245287,0.04578883358267619,2.4088756201369574,3.024999656585553,1.3039770262088612,1.8204465782629196,0.003990907268912559,0.06631363412052779
579,6.25e-05,0.07473183507935947,0.0003335368977580632,0.02997306231712275,0.04442523586447867,0.1305769720908126,0.16207171491114045,1.1463401614027942,1.5364102376767628,0.0038487712999939667,0.06497546120440645,0.20389068571606117,0.11606200502177208,0.04205174443879881,0.04577693625549022,2.407028422766354,3.0232935632060447,1.3039571149930225,1.8207798346668538,0.003991907751919266,0.06630653675843376
580,6.25e-05,0.07477318063870808,0.0003095766717212271,0.029995746564485313,0.04446785740250153,0.12599168028514962,0.1561418779274601,1.146530198761065,1.536991818308789,0.0038483653725069106,0.06502461919756569,0.20405120710222072,0.11629737398704151,0.04200163469204862,0.0457521984231306,2.4085033316658966,3.026357567976044,1.3031104428922806,1.8197472277668938,0.003989852816905028,0.06629727264492627
581,6.25e-05,0.0746723957891729,0.00032140931073074526,0.02995210859876907,0.04439887787967307,0.12875957499754026,0.15909792359856856,1.1457674447213828,1.5358734255146407,0.0038485057741404808,0.06496587621133798,0.2042593070186333,0.11654891414196489,0.04198828583251175,0.04572210704415668,2.4121230466519155,3.0296286619023873,1.3030266042833785,1.8194155002054693,0.003986801325863544,0.06625467998085367
582,6.25e-05,0.0745345705966687,0.0002997147576018781,0.02983965831327739,0.04439519752578944,0.12396713785869143,0.15363471133790935,1.1437234157477412,1.5329872843203856,0.003842190504071743,0.06494719807908414,0.20511657274997147,0.11742728612466248,0.041977634538226394,0.0457116520870826,2.422426925194923,3.041023644991977,1.3025790316976866,1.8192394668058915,0.0039859759832645645,0.06627160684557978
583,6.25e-05,0.07444662207178782,0.00021907653813983184,0.029830279110139964,0.044397266423508025,0.10438644177106916,0.1313509504726003,1.1437580532031677,1.5327462706097044,0.00384364657280177,0.06496575785276155,0.20470158458929627,0.11707217831040075,0.04194201436081445,0.04568739191808104,2.4183799336972838,3.0364220359972127,1.3021164425547456,1.818448158996982,0.003984156776783782,0.066250658354574
584,6.25e-05,0.0743673164955599,0.00019961090793570372,0.02978572615443467,0.04438197943318952,0.09770888258602775,0.12537975590143058,1.1430510371073495,1.5316012573023279,0.003841371179751436,0.06494669905754459,0.20423115287181817,0.11669374440934795,0.04187846475295312,0.04565894370951708,2.412800126271642,3.0315104713692387,1.3012345224162722,1.8170009520489379,0.003983371282388218,0.0662194197573379
585,6.25e-05,0.07433320213506937,0.00019764643643097144,0.02980182863168666,0.044333727066951746,0.09876331633680452,0.1247612677608475,1.1429010841659635,1.5320151819646635,0.0038408056912640973,0.06491047851384815,0.20368277190908438,0.1161896989498038,0.04184569873811316,0.04564737422116741,2.407325522215218,3.0249562524733187,1.3007442462362349,1.8162752339904784,0.003982760353930768,0.06620703310352818
586,6.25e-05,0.07427282120573028,0.00027112971449780706,0.029702381818889536,0.04429930967234292,0.11646016537849589,0.14612477092365345,1.1414251074141388,1.5294787021998755,0.0038427838734206394,0.06488788188091639,0.20480568456105983,0.1173791303010365,0.04181232883901766,0.045614225421005704,2.421234748748757,3.04040003346942,1.300096984831686,1.8155529156417463,0.003982941565627625,0.06618045259948618
587,6.25e-05,0.07425396163583486,0.00022192835937693048,0.029721034684594444,0.044310998591863486,0.1048560782013427,0.132203114407417,1.141841441192551,1.5299370225487812,0.0038424038412402765,0.06488640429093814,0.20421061743084348,0.11682145048012103,0.04179381924737696,0.04559534770334545,2.415507133384378,3.0331688140500996,1.2997652840243805,1.8151386322271876,0.00398298128322347,0.06616752705333233
588,6.25e-05,0.07421421356545266,0.00020900143730388427,0.029715960633749608,0.04428925149439916,0.10136038163293712,0.1282950562023116,1.1412632493873998,1.5298280920535838,0.0038366268446086644,0.06490049621072372,0.20423111882768907,0.11691311219671933,0.04174013267030014,0.04557787396066958,2.4161036140014724,3.0343585396514703,1.2990705742255488,1.8139586742481655,0.003980741767381959,0.06615489462006786
589,6.25e-05,0.07419313347138144,0.0002058506445982351,0.029713311131470032,0.04427397169531317,0.10097802444071344,0.1273243303165834,1.1415169464160382,1.5297383911051654,0.0038372071362790428,0.06484789324004886,0.20371262208281907,0.11640804724695876,0.04173949995506223,0.04556507488079805,2.410998331559583,3.0277972273510003,1.2989487827788333,1.8139594022897116,0.003978182402792338,0.06614410056101026
590,6.25e-05,0.07399641839058087,0.00020774504932932967,0.029597639091502634,0.0441910342497489,0.1009798845408001,0.12790885948834302,1.1393747837426762,1.5267578442641052,0.0038319983414731094,0.06481251634655544,0.20328784111093437,0.11605702738306346,0.0416908244823736,0.04553998924549729,2.4059136661731584,3.023228731374357,1.2980906047243823,1.8128917941014981,0.003975996529353741,0.06611982671016083
591,6.25e-05,0.07396714684045143,0.00020031099355922576,0.029622337259848603,0.04414449858704361,0.09907736254868284,0.12559943261727013,1.1398168951604608,1.5273945571793397,0.003825596589290646,0.06477873371625419,0.2041823553626882,0.1170149214451789,0.041659239555073835,0.045508194362435424,2.4181474228629694,3.035679428866108,1.297553747671628,1.8121990117234232,0.00397384962677296,0.06610283077430304
592,6.25e-05,0.07392762439851037,0.0002191239369873098,0.02953282995385123,0.04417567050767185,0.10413116823850019,0.1313651590833877,1.1383170581786093,1.5250855306262872,0.003828421334100176,0.06481310119132115,0.20356207675468424,0.11641641681223036,0.041652183169446653,0.04549347677300722,2.4121857983499733,3.027906072449726,1.297402607190251,1.8120407083443084,0.003972290854244519,0.06608132680218834
593,6.25e-05,0.07383838195042859,0.00021074205200712458,0.029542848322123245,0.044084791576298216,0.10206001367507915,0.12882818468701293,1.1380505089872752,1.5253441276382937,0.0038216723999048604,0.06473237613143408,0.2028772890559978,0.11583280182768887,0.04157340140772382,0.04547108582058508,2.404913311055295,3.020306836431627,1.2963048745363606,1.8103193224391845,0.003968183322307755,0.06607380246371514
594,6.25e-05,0.0738379429178583,0.00018995895826029344,0.029523471160320777,0.04412451279927724,0.0966301759500965,0.12231090358701198,1.1381659699615783,1.5248435719953082,0.0038235071740585136,0.06477543929796281,0.20193992292065968,0.11490567091897076,0.041573242592782875,0.04546100940890603,2.3940081854218116,3.0081952169864903,1.296060128024016,1.8103327978164034,0.0039674172994221745,0.06607344382588481
595,6.25e-05,0.07382991592938937,0.0002854198906358843,0.029460682490932037,0.04408381354782145,0.12103400385491304,0.14992615479670562,1.1367938934873314,1.5232214084122495,0.0038228298667926063,0.06476215355556103,0.2034776134917185,0.11652011840020443,0.041529331734822816,0.045428163356691274,2.4143437939703576,3.0292543735772246,1.295510016855869,1.8093503158009212,0.0039680489118442104,0.0660383493543648
596,6.25e-05,0.07397044198482143,0.0003908631508929626,0.02945349817747277,0.0441260806564557,0.14285514717280567,0.1754476878917873,1.1365812968760638,1.5230572673843,0.003829017561123396,0.06476091106192701,0.20325611561345516,0.11630646207457562,0.041535480286389065,0.04541417325249052,2.4129428102528587,3.0264758133974525,1.2953868904664572,1.8095099613394903,0.003967090818894493,0.0660328304759413
597,6.25e-05,0.07389629302805205,0.00048213103516577807,0.029362255350134037,0.04405190664275222,0.16098117178711704,0.19485781533029065,1.1350119288076523,1.5206747172484807,0.003818422909922004,0.06473035735454791,0.20143934773783415,0.11461022822850889,0.04143295385219046,0.04539616565713478,2.391041656727499,3.0043254284014322,1.2938870204770752,1.807252083022825,0.003960446687856456,0.06603348618715511
598,6.25e-05,0.07376218903835964,0.0003132873775481836,0.029381288027280485,0.044067613633530976,0.12736895961972877,0.15707487893594774,1.1352221534960245,1.5211677279577582,0.003819449213888776,0.0647078046846462,0.201687934935356,0.11485045768203202,0.041453537522055744,0.04538393973126825,2.3950366805023937,3.0074723973313637,1.2940163748244373,1.8076979553480552,0.003960512863761274,0.06601798984384305
599,6.25e-05,0.07372174101918005,0.0003346187660846804,0.02938538066462923,0.04400174158846615,0.12954174387853026,0.1623343519742977,1.1351056928991905,1.5212733630453215,0.0038177240069025126,0.06468483764049446,0.2026179635936682,0.11588767048656096,0.04137352175955628,0.04535677134755096,2.4080203694324234,3.0210220939534773,1.2929380371885524,1.805934585615844,0.003961582402792734,0.06601085749486775
600,6.25e-05,0.07355032553190959,0.00020698580970662784,0.029307970028834007,0.04403536969336894,0.10122401822931928,0.12767491320613802,1.1341811758190943,1.5192682198655676,0.003816508171149163,0.06466931252681347,0.202756145704774,0.11606839608205106,0.04135575551834178,0.04533199410438113,2.40939861554079,3.0233768022624488,1.2926439775229168,1.8055274783692705,0.003961659579065965,0.06597113167330956
601,6.25e-05,0.07352516435433015,0.0003271562140485349,0.02925775995908449,0.04394024818119711,0.13123644290129985,0.16051398313610216,1.1331764726668716,1.5179873082037307,0.0038083002146888194,0.06466594127736916,0.20117757599735092,0.11449829046980291,0.041347173138611165,0.04533211238893684,2.3922241352200477,3.0028579345667423,1.292465854741279,1.8053389286738406,0.003957235145800304,0.06596148562078032
602,6.25e-05,0.07353374805691125,0.00024314261876691413,0.029253197446086416,0.044037407992057936,0.11021862335602294,0.13837761145696417,1.1328850766635865,1.5178476264175869,0.0038164824133085406,0.0647121042491641,0.20182712721609666,0.1152258941484189,0.04130117024890597,0.045300062818771795,2.3995855945346323,3.012383973629295,1.2917868277877098,1.8043536434728376,0.003955536301489512,0.06592850245646854
603,6.25e-05,0.07337255260845765,0.0002244136007496599,0.02921696978321397,0.04393116922449403,0.10596766348954086,0.1329412849068059,1.1325520393527697,1.5169077012027725,0.003810757956129886,0.0646168972478495,0.20150338101693754,0.11496604491747262,0.04126675780650397,0.045270578292960974,2.3971705603503817,3.0089853995740024,1.2910660099396565,1.8035916675486463,0.003957230329733432,0.06593576641272086
604,6.25e-05,0.07332504906315634,0.00021455288869123498,0.029187430501222425,0.043923065673242674,0.10297024243268543,0.12998776243925134,1.1317941926378043,1.5161402573135891,0.0038116449994159943,0.06459501170313756,0.20200333471059984,0.11548863692545003,0.041264816159980844,0.04524988162516894,2.4040812842506414,3.015816498324558,1.291038228308005,1.8035691519290176,0.003956163779356902,0.06592388343729728
605,6.25e-05,0.07335916500384848,0.0002864575609148456,0.02917003728724203,0.043902670155691624,0.1215602881968423,0.15019844270780075,1.130947767647602,1.515709525853084,0.003809891422146776,0.06457290230635888,0.20059394029949146,0.11416219097659676,0.04119786723013053,0.04523388209276418,2.3890312439429024,2.9984473850230486,1.290155187066595,1.802122845526581,0.003950480781262327,0.06588712615722703
606,6.25e-05,0.07320277846371764,0.00028856081442630877,0.0291087449145761,0.043805472734715224,0.12272023658425542,0.15074883428115213,1.1298147938566105,1.5141168028461065,0.0038002206261480466,0.06455522475583403,0.20175616850589345,0.11536959100293423,0.04117104400961488,0.045215533493344326,2.401672418373461,3.014261742655216,1.2895580237898079,1.8015238312352093,0.00394918343436983,0.06588840694877456
607,6.25e-05,0.07335311001718155,0.0004314432325908547,0.02908384789779134,0.04383781888679936,0.15104888809782674,0.18433046369913378,1.129635929648436,1.513447746106353,0.0038000757316337163,0.06456307665368848,0.2002494510613094,0.11388375221248387,0.04116056336801532,0.04520513548081021,2.38527180705356,2.9947885831604464,1.2891816121112327,1.8012821156286192,0.003947669902753486,0.06589599398524244
608,6.25e-05,0.07332127594866138,0.00042457320232449925,0.029055852294562663,0.04384085045177421,0.15184072752390446,0.18285699340781877,1.12878856899308,1.5127190452169466,0.0038057816394173384,0.06455654168174484,0.20195956868982975,0.11565728761538951,0.0411303150415711,0.0451719660328691,2.4059025949628294,3.01801772776899,1.2887393260410502,1.8005860942051355,0.003947619861577193,0.06586577454061533
609,6.25e-05,0.07313242362859734,0.0002645135726110017,0.029066125247703953,0.043801784808282396,0.1146169458834787,0.1443308820012356,1.1292654141545584,1.5129864343272328,0.003801720056286476,0.06452748537884444,0.2000328294075445,0.11380901341844941,0.041070657650925844,0.04515315833816922,2.383678557994761,2.993805722918855,1.287784342297924,1.7992856706654574,0.00394746549267905,0.0658640248408451
610,6.25e-05,0.07298321929371801,0.00020299551575661686,0.02903792049320976,0.04374230328475163,0.10037334665757223,0.12643825899437333,1.1286412950986409,1.5122521429590423,0.0038005296274949024,0.06450857402216599,0.19970566139127804,0.11351087815193749,0.04105343053334718,0.04514135270599339,2.382921608006569,2.989881849298986,1.2876089231525005,1.79891252468842,0.0039450121135296235,0.0658427937455896
611,6.25e-05,0.07322733811554553,0.0004744641551947916,0.029013231486411977,0.043739642473938765,0.16278165308824397,0.1933022855057603,1.1283551265180727,1.5116299899686965,0.0037968931711280015,0.06449090385446883,0.20100278624490256,0.1148912878106897,0.04100175806407422,0.04510974037013861,2.3981511558553454,3.0080069384131423,1.2869905361902783,1.7977907997875593,0.003943360735821087,0.0657947665705332
612,6.25e-05,0.07318848833706852,0.00034640355819166917,0.029051294725950274,0.04379079005292657,0.13376898342400967,0.1651682080919289,1.1289728631476903,1.5126210152763238,0.0038031480639146567,0.06451961564893244,0.19968749533205535,0.11361234172541604,0.040975495613827205,0.0450996579928121,2.3840490167539548,2.9912178284479474,1.2862603013547742,1.797194068707321,0.003940338946393914,0.06580660879614107
613,6.25e-05,0.07295784105663693,0.0003737991716098778,0.028888126831469938,0.04369591505355711,0.1416380029031844,0.17157517568770955,1.1257984968611912,1.508367381703597,0.0037946774649968316,0.06444512046135135,0.1995862313785497,0.11356081812448195,0.04094268516118047,0.04508272809288734,2.381543528673563,2.990539487585754,1.2857109405942881,1.7964628667801517,0.003938604736908267,0.0658100869161738
614,6.25e-05,0.0727969222468756,0.00018569802535782344,0.028906731880947067,0.043704492340570715,0.09559462419782623,0.12093135743599048,1.1261246208790927,1.5088320160511173,0.003793118271855504,0.06446191558002233,0.2000557164288781,0.11409054361690746,0.040902464907445424,0.04506270790452521,2.3882998300715124,2.9975063354674574,1.2851430417792478,1.795581952995457,0.003938266905124227,0.0657920348736122
615,6.25e-05,0.0728071341679752,0.0002250919987265589,0.0289139613749491,0.04366808079429952,0.10483512939486576,0.13314207275219897,1.1265847616534341,1.509020536002356,0.003792007477420189,0.06441296333169898,0.19907033453347397,0.11317956988370548,0.040856244502096295,0.0450345201476722,2.3789988991271547,2.985515323121248,1.284534439902859,1.7945644837215906,0.003937228690626322,0.06575498003016635
616,6.25e-05,0.07281084542215321,0.00023842273649868055,0.028853003065792363,0.04371941961986217,0.10881406034290843,0.1370279369308266,1.1250867350216216,1.5074287545515055,0.0037975939529237357,0.06445536522653268,0.19942266789559893,0.1135703511379548,0.04083859842985462,0.04501371832778949,2.382131603071635,2.990665007353932,1.2840686370341639,1.7941554734441334,0.003937561064988362,0.06574339116195947
617,6.25e-05,0.07274560788919167,0.00027536990347021474,0.028833702249450865,0.0436365357362706,0.11964129093701138,0.14726295848616627,1.1250401508668757,1.5069452487392205,0.0037912548582471903,0.0644131479777228,0.19953667714473694,0.1137082865744833,0.0408273391761539,0.04500105139409972,2.383571651371224,2.992480593462657,1.2836993316737728,1.793955248969165,0.003935152282754669,0.06574068376676899
618,6.25e-05,0.07273110656758612,0.0002937352950079945,0.02877469946503072,0.043662671807547425,0.12237688928684994,0.15209444485783385,1.123874499883915,1.5053818623095392,0.003788301083565564,0.06442907774478121,0.20103138751866514,0.1152689470936436,0.04079128794793817,0.044971152477083366,2.4026437080473255,3.012946693888936,1.2832481323227132,1.7931131221305823,0.0039343292772154505,0.06571537375676104
619,6.25e-05,0.0725645319224681,0.000299502678935499,0.02870105640718376,0.04356397283634885,0.12296383888365561,0.15358034563428705,1.1228520759871006,1.5034542679990843,0.003785562619152969,0.0643801186537301,0.19893457366856587,0.11319908794528985,0.040770446916136086,0.04496503880713991,2.3797675041991124,2.9857727413306003,1.2828741952710212,1.7926683388623557,0.003931405422406894,0.06570224309231289
620,6.25e-05,0.07258523251121034,0.00021595306763420535,0.028764539349241298,0.04360474009433482,0.10451963244141621,0.1304112248056986,1.123514879033724,1.5051161813485527,0.003787483891367562,0.06436534265288689,0.19922558502273582,0.11358999192927273,0.04070269851596133,0.04493289457750177,2.3828096548166426,2.9909235981157103,1.2818989873911384,1.7911655252897132,0.003929459823389473,0.06567900062494825
621,6.25e-05,0.07253789585251312,0.000291849887753194,0.02869848938444657,0.04354755658031335,0.12074131086516111,0.1516055325379957,1.1228031377818355,1.5033873430540916,0.0037806447727227036,0.06432847198365925,0.1978981004165621,0.11230118527406695,0.040670068375746694,0.04492684676674848,2.3716716007721894,2.973907491810468,1.281393210930099,1.7904465479305396,0.003925845979058799,0.06567296557147419
622,6.25e-05,0.07325786169957206,0.0010483176455840925,0.028659584899411183,0.043549959154576774,0.2541442346381048,0.28733050289495254,1.1214801732549333,1.5023677275220557,0.0037849406235964302,0.06434156957772234,0.1992040143896422,0.11366786155935045,0.04063903591301999,0.044897116917271745,2.3839616375216197,2.991948610125418,1.2809886843450786,1.789742518832026,0.003923791373987339,0.06565156616718465
623,6.25e-05,0.0727744810502551,0.0006372114074518871,0.028594680861955615,0.04354258878084758,0.18676232223822653,0.22401497750203944,1.1206730672628085,1.5006652090855979,0.0037802573243675306,0.06433382425457174,0.20019297249370546,0.11474716574174298,0.04056818262860102,0.044877624123361416,2.3957923307784825,3.0061196925121134,1.2799042512813612,1.7882181124533607,0.003926264644287272,0.06566535762820924
624,6.25e-05,0.07294391559125009,0.0008997142491811899,0.028571052575264783,0.04347314876680413,0.22300646903133337,0.26618745517698417,1.1199341658113429,1.5000456102576274,0.003780200908969176,0.06430178273196249,0.19841857789020276,0.11294925371380762,0.040600377621992506,0.04486894655440259,2.3779666377503528,2.982476070433081,1.280423616480187,1.7889488392179702,0.003926114398641702,0.0656551602983295
625,6.25e-05,0.07291490919701424,0.0009235753315176339,0.028532980508653494,0.04345835335684311,0.22647592638300756,0.26969410096642216,1.119311835102242,1.4990457811397404,0.0037771161454205416,0.06433016963671799,0.1986643859387342,0.11330861295976029,0.040509394787184974,0.044846378191788897,2.378971248544925,2.9872168242471635,1.2787511169263022,1.7868374153861797,0.003921421148319881,0.0656444312813539
626,6.25e-05,0.07237140185772563,0.00035685467955318774,0.028499882873915527,0.04351466430425691,0.13431126377220706,0.16764128574102388,1.118627525075456,1.4981759002674024,0.003774492993835695,0.06435962607044644,0.19890782445878816,0.11353277072194289,0.04051463663609382,0.04486041710075146,2.3844376684295274,2.990170161053462,1.2788571488481015,1.7869945263509923,0.003920302055051462,0.06564099985783368
627,6.25e-05,0.07229940492071468,0.0003357945969544246,0.02850254130560211,0.04346106901815816,0.13079818990986158,0.16261931858207565,1.1185562328256087,1.4982460587851456,0.0037730536651119687,0.06428530225221785,0.19900673059881752,0.11366669488477099,0.04051232980520635,0.04482770590884017,2.3878695567121224,2.9919332555667624,1.2785734016426715,1.7870281426015218,0.0039252848088397315,0.06559920897658593
628,6.25e-05,0.07239936485110444,0.000372876285518892,0.028554967215042235,0.04347152135054332,0.13999999736449234,0.17136324075756756,1.1196366072858357,1.4996228595319818,0.0037774417164513643,0.06430255439883675,0.19777832247656596,0.11250271031084848,0.04048030942273805,0.04479530274297944,2.3761930355418217,2.976574641699094,1.2780995435154343,1.7863761076355844,0.0039217539162068665,0.06556798796077791
629,6.25e-05,0.07221366805326473,0.00031962248637726733,0.02846531506060662,0.04342873050628085,0.12969291146080156,0.15865506735312573,1.1179392620371713,1.4972665264405458,0.003772263797813171,0.0642443637116545,0.19828122547490526,0.11309897434240274,0.04042027713090599,0.04476197400159652,2.3787679860173783,2.9844521362163294,1.2771740972543408,1.7849149480734643,0.003919422257970437,0.06556744516773602
630,6.25e-05,0.07207528363647085,0.0002602637535140167,0.028433482721576853,0.04338153716137997,0.11351146263040958,0.14316673784743264,1.1169387181519073,1.4964497792926243,0.0037682185656141274,0.0642364590579638,0.1970132055984503,0.11187891639382383,0.0403773737705452,0.04475691543408131,2.365969593569972,2.9683110624645006,1.2768251944976974,1.7839322167462772,0.00391475101826678,0.0655527190192924
631,6.25e-05,0.07239590321439594,0.0006625790091392596,0.028397690503411566,0.04333563370184512,0.1998123665031849,0.2284305163753344,1.1171398231495442,1.4954876158967985,0.003762532474845221,0.06419517582705038,0.19684896787421313,0.11173985347072377,0.040379301726343804,0.044729812677145535,2.3635615684495006,2.9664657176118605,1.2766062914922531,1.7839930827648647,0.003914587010831774,0.06551773583271382
632,6.25e-05,0.07208573318745908,0.00023071791378576208,0.028417370384327432,0.04343764488934587,0.10853926936856675,0.1347956703987009,1.1170443450990155,1.4960052202354457,0.0037749314053040287,0.06425288483396327,0.19704458583672219,0.11198430907765698,0.0403451097070038,0.04471516705206143,2.3661561830896405,2.9697088442807487,1.2758494247397496,1.7832305753197142,0.003914787160493186,0.0655215856488126
633,6.25e-05,0.07202894496086897,0.00029884618804495235,0.02833889846219409,0.043391200310629936,0.12341884099943097,0.1534119341035574,1.115492373177347,1.4939386801852508,0.003766379154743016,0.06422346525260662,0.19753433563423758,0.11249767993448763,0.040335528957334325,0.04470112674241565,2.3743060937100777,2.9765080946070372,1.2758418383380266,1.7829990505105902,0.003912903025359783,0.06550769187726593
634,6.25e-05,0.07202250070350029,0.00036613760733325925,0.028324234364294373,0.043332128731872664,0.1390459339879337,0.16980772929391533,1.1153462928548508,1.4935518861156225,0.0037599814390693585,0.06419092955802537,0.19907756475828947,0.11414686045135838,0.04026298720919134,0.04466771709773976,2.39175832335948,2.9982460516405234,1.2747213795701295,1.7814003382241304,0.003910767984553341,0.06549252397524849
635,6.25e-05,0.07197848793354356,0.00044810471765908814,0.028254661463752506,0.043275721752131964,0.15372635024195871,0.18785598804282347,1.1136086543626489,1.4917164177752404,0.003754977625736939,0.06416097906768647,0.19609904559248714,0.111144904466034,0.04027655606257584,0.044677585063877284,2.3598260486829434,2.958557834692665,1.2745056403100998,1.781764672639497,0.003908139196815736,0.0655088822526827
636,6.25e-05,0.0720718379716213,0.0005782125181980875,0.028239034593029736,0.04325459086039347,0.17764331397110317,0.213392440286184,1.113609932895863,1.4913034831150196,0.0037600523661775664,0.06413164442374411,0.19853677425230368,0.11368194196539907,0.04021934491718686,0.04463548736971772,2.389915647330558,2.9921339155730156,1.274089032130266,1.7804630285465284,0.003908811650013827,0.0654418721860926
637,6.25e-05,0.07188802905555275,0.000414585264469166,0.0282338933172296,0.04323955047385398,0.15197821872378778,0.1806933692625471,1.1142713121086707,1.4911680990480443,0.0037593646480284524,0.06407792963313287,0.19856249934282297,0.11379451089934778,0.0401596730168937,0.04460831542658147,2.3881997396730754,2.993614968667766,1.2731242559129874,1.7790848058012352,0.003910128974900997,0.06543690730094304
638,6.25e-05,0.0717959360850347,0.0004511354485536082,0.028196023432096717,0.04314877720438438,0.15654716761279813,0.18849019416485133,1.1128340910477628,1.490168021549309,0.0037538560980359434,0.06409789357661622,0.1963897851900001,0.11159059313406268,0.04018699710643167,0.04461219494950577,2.3640096544339366,2.964483776450817,1.2733067239839584,1.7798386936427064,0.003907860423398962,0.06545996069442246
639,6.25e-05,0.07170447325091261,0.0002376387101148423,0.028248250274792264,0.04321858426600551,0.10838596933830567,0.13680245091317714,1.1135156415135328,1.4915474287600465,0.0037584366069868683,0.06410451950130287,0.19632692257963413,0.11157862890423763,0.040162441629417504,0.04458585204597898,2.3641622799538107,2.9643248530261124,1.272808190650628,1.7792599587306699,0.0039045152221401738,0.0654367539012816
640,6.25e-05,0.07157900432804688,0.00027523942012037733,0.02814213048563037,0.043161634422296126,0.11802429558004707,0.14722806425502724,1.1119417923110604,1.4887431018156672,0.003751969252257208,0.06408661394995863,0.19597673207081595,0.11129564580669524,0.04010859163493322,0.044572494629187526,2.3605483454488185,2.9605634410816726,1.2719883641051837,1.7780165782185977,0.003901909163377241,0.06542156816865521
641,6.25e-05,0.0715967630123967,0.0002669984679307196,0.028166225043527688,0.04316353950093829,0.11702732279965163,0.145007234375411,1.1118637125568802,1.489380046271457,0.003749671194344331,0.06407267466881585,0.19670035577186323,0.11204199742569607,0.040105680342296356,0.04455267800387079,2.369923785221444,2.9704736636608917,1.271716705273543,1.7779631196473773,0.0039015372457961795,0.06541277335464435
642,6.25e-05,0.07185807047459812,0.0005790005039497122,0.028140381233879203,0.0431386887367692,0.1706251470053423,0.2135377959616001,1.1117572059399345,1.4886962375647956,0.003752026076983926,0.06406657166164942,0.19537530388632685,0.11080456470676736,0.04002964577635207,0.04454109340320743,2.357054242317422,2.954024622524033,1.2705623873239271,1.7762794351829396,0.0038965717404175104,0.06540348715474643
643,6.25e-05,0.07179404448710067,0.0006301649445786669,0.028050617995114838,0.04311326154740716,0.17706591189708737,0.22277292391927297,1.1102226396288124,1.4863203132970426,0.0037512816669234036,0.06403496405761999,0.19593731108475246,0.111292540883794,0.04011029675518216,0.04453447344577627,2.3631994885498218,2.960522143942318,1.2717203631305842,1.7780642591243556,0.003897813865968899,0.06538331832625802
644,6.25e-05,0.07141966229436543,0.0001817876323162626,0.02806579627940549,0.04317207838264367,0.09416216761975293,0.11965130827394269,1.110374758726691,1.4867423436637552,0.0037555163138490366,0.06408536566722696,0.19593901299470057,0.1114795957289823,0.03996297381821766,0.04449644344750058,2.360930797579089,2.963009046979004,1.2696361195910195,1.7747760008240496,0.00389655751649982,0.06536094595433155
645,6.25e-05,0.07139007146340678,0.0003260025270373752,0.027976491520728217,0.04308757741564118,0.13117742784506595,0.1602307141168713,1.1086879424871505,1.4843550162223857,0.003744441877561764,0.06402811112804069,0.19510474204447628,0.11065243318249127,0.039963755927377255,0.044488552934607774,2.3537948822957953,2.9519960299652004,1.2695593614125968,1.7747998796382929,0.0038966652661580462,0.06534699442922581
646,6.25e-05,0.07141179384459816,0.00045672378974757574,0.027935809317700493,0.043019260737150095,0.1616652750430976,0.189654041458342,1.1078045601082798,1.4832752086122722,0.003741060447462211,0.06397412523959345,0.195319112346565,0.11091769562946585,0.03992978939076297,0.0444716273263362,2.3552161014910786,2.9555322601941816,1.268932692359074,1.774017704167765,0.003894630709867361,0.06534724692504149
647,6.25e-05,0.07144932209406918,0.00037003735529777924,0.027977358523410576,0.04310192621536082,0.13781481818239638,0.17070964890393708,1.1087219630824425,1.4843974825467219,0.0037478076422951625,0.06399780258845829,0.1984100527776248,0.11407708243174781,0.03990288623547571,0.04443008411040126,2.3925989832179346,2.997329497076089,1.2687311870149371,1.7733970401637518,0.0038943436584137556,0.06529494554961349
648,6.25e-05,0.07207585399538731,0.0010684067162582249,0.027949466989703478,0.0430579802894256,0.26574441249110387,0.29007051744734613,1.1080798796183544,1.4836379291505866,0.0037424857460495804,0.0639931990548226,0.2005389540170906,0.11620695376547005,0.03990868445089751,0.04442331580072304,2.414069145929699,3.0251808555458104,1.2685075891136495,1.7736320778918475,0.0038939723696568202,0.06530832929305747
649,6.25e-05,0.07185283258905492,0.0010327748413757212,0.027832637907593438,0.04298741984008577,0.2458126378654586,0.28519250633860366,1.1058233946003875,1.4805524237435017,0.0037420420306596815,0.06396429026121978,0.1942279741682855,0.10996992316151237,0.039819599276267145,0.044438451730506,2.3481621825123646,2.9428779146830397,1.2671760758646167,1.7716031395694811,0.0038894853311404695,0.06533763162473424
650,6.25e-05,0.07158831800987026,0.0007387968863928726,0.027844767519429173,0.043004753604048214,0.20457993458270107,0.24121139102890837,1.1059079047917062,1.4808557548395203,0.0037410773008112372,0.06396313767398816,0.19832455305562527,0.11409234289324562,0.039823973560242705,0.044408236602136976,2.3931352335143488,2.9975299716156103,1.2671507329504377,1.7716985138196129,0.003887210531879144,0.065309887277533
651,6.25e-05,0.07127767382895157,0.00046217010130904235,0.027823515348187583,0.04299198837945495,0.15759720109927935,0.19078147770467802,1.105404055466066,1.480290257837243,0.003737571198140979,0.06395307288186708,0.19494749244613155,0.1107310557411129,0.039820319041255964,0.04439611766376272,2.353789502085653,2.9530445937548935,1.2670256501959565,1.7716581969620084,0.0038864952455716405,0.06531818832239011
652,6.25e-05,0.07135503792486432,0.0005122171313312583,0.027846071302205785,0.042996749491327306,0.16621747770371142,0.20084560592717354,1.1063046888817807,1.4809096477944914,0.0037422824778896454,0.0639707032559038,0.19620918453909933,0.11211149405135953,0.039738879655581934,0.044358810832157876,2.3681259229002203,2.971394773141809,1.265780742868076,1.7698230559338979,0.0038895194059763803,0.06527735503991032
653,6.25e-05,0.07143570794546325,0.0006092651502708095,0.027819880203726582,0.043006562591465854,0.1850104848058165,0.2190475770320303,1.1053409404646974,1.480194095959532,0.0037439751031108697,0.06396989745047144,0.19399893745044303,0.10995034898821425,0.03970845028634441,0.04434013817588435,2.346132441925445,2.942615993211021,1.265446622031382,1.7691163800332677,0.003887948182884612,0.0652378135381326
654,6.25e-05,0.07152277857423668,0.0007860261807724245,0.027776316680344342,0.042960435713119915,0.20629211419910468,0.24880195627460525,1.1045750867667377,1.4790346102535847,0.003739373317432722,0.06394271717733015,0.19841975112902988,0.11440718741950413,0.03969656273130644,0.0443160009782193,2.396678536258186,3.00166305227544,1.2652849966125246,1.7688384903102476,0.003887153059477476,0.06520824603854167
655,6.25e-05,0.07114968521796035,0.0004506106180953361,0.027772728072928785,0.04292634652693623,0.1515919787165617,0.18838052179916173,1.1047190203294304,1.4789582322259247,0.003738655653994442,0.06390680988707206,0.19437350570615858,0.11040129057186977,0.039651224126541325,0.04432099100774748,2.352269516353933,2.948644123870719,1.264344452218088,1.7678853146339852,0.0038869131975985773,0.06523582664601317
656,6.25e-05,0.07139899902748162,0.0007781227099359931,0.027677549544120907,0.042943326773424724,0.20874148925541577,0.2475479477638614,1.1030900523331129,1.476402582239726,0.003739914810664932,0.06389984749814227,0.19764147956714498,0.11372031108678707,0.03963957672851304,0.04428159175184491,2.3900249203121566,2.9926388148578353,1.2644218826851326,1.767547545711007,0.0038847227012272305,0.06517851305821493
657,6.25e-05,0.07100382194834381,0.00046941931230573525,0.02766378267711554,0.04287061995892253,0.15970512713200005,0.19227187496767195,1.1028547969862799,1.4760354336245194,0.0037288558221218833,0.06386843421649852,0.1933663312239933,0.10946692639718174,0.039626371787261874,0.04427303303954966,2.343869954372478,2.936139915024767,1.2639319493928334,1.767267904559532,0.0038791925412115977,0.0651913193531546
658,6.25e-05,0.07106021063453503,0.0004277503128702793,0.0277454904575027,0.042886969864162065,0.14838005198979035,0.18353988400261698,1.1038705192131757,1.4782135191602523,0.0037338920523310327,0.06387800353793749,0.19635858360297564,0.11248777292491206,0.03961174561447926,0.044259065063584326,2.3780369861283814,2.976377029937651,1.2637902802577388,1.7669907914385996,0.0038820416930637285,0.06518604113688839
659,6.25e-05,0.0707826892605702,0.0003464617488291518,0.02758644482912599,0.04284978268261506,0.1366109649424122,0.16518208041021779,1.1015082228505637,1.4739704544493613,0.0037289695129244537,0.06385715326502558,0.1939767539928306,0.11019669344226242,0.03953894759716571,0.04424111295340247,2.3504713314991434,2.9459106237223347,1.262726751540606,1.765355397165553,0.003881411817532804,0.06518115383243743
660,6.25e-05,0.07062712034913048,0.00022839636982241243,0.027625707529049356,0.042773016450258716,0.10659231551712678,0.13411578112829195,1.102032434627107,1.4750191111792237,0.0037301019183155304,0.06378625850160674,0.19484265311916363,0.11108650532652009,0.0395424393880655,0.04421370840457802,2.3616565189161562,2.9577804714227094,1.2627480596369567,1.7654373702651893,0.0038823807340633656,0.06514699026230499
661,6.25e-05,0.07056861191438556,0.00022209298665767886,0.02755882374411707,0.042787695183610815,0.10579599325231853,0.13225213969868485,1.100957573300379,1.4732323884608103,0.0037286561970658067,0.06377597031921638,0.19528676760380898,0.1115829214674,0.03950734122187007,0.044196504914538914,2.3651960457251047,2.9643818730439317,1.2619980537576283,1.764730428678436,0.0038810656896828746,0.06513208135431071
662,6.25e-05,0.07066761976795667,0.00024996744247134865,0.027603884427953942,0.042813767897531385,0.11183570226128164,0.14030624710951703,1.1016423822096704,1.4744365140554025,0.0037287397075782803,0.06380005320171177,0.19376332858172018,0.1101052500124127,0.039480201891871194,0.0441778766774363,2.3497448065869233,2.9446880821440375,1.2613835268649742,1.76406835024623,0.0038750616860465095,0.06511574337408918
663,6.25e-05,0.07104204029555052,0.0008040365876252837,0.027514843738413907,0.042723159969511336,0.21358236518699034,0.2516362420828312,1.1000233024429324,1.472056517509613,0.003724236263644887,0.06377639990474604,0.1927791228840926,0.1091982115870337,0.03941977995553037,0.04416113134152853,2.3403803925945175,2.9325339442862264,1.2604541619953307,1.7626962965756208,0.003871483388664457,0.0651201970177938
664,6.25e-05,0.07067798399114213,0.00043309327258626867,0.02743579281722772,0.04280909790132814,0.14720293453228692,0.1846826101275187,1.0981906177459744,1.469940266616673,0.0037263305077252827,0.06382859747465036,0.19380391055831547,0.11021857072550649,0.03943494268488344,0.044150397147925555,2.353021834050643,2.9462030341542405,1.2608606207573656,1.7631646236578156,0.0038732542679260932,0.06510226501739096
665,6.25e-05,0.07066514299306846,0.0003851186459068278,0.027527737561712843,0.0427522867854488,0.14175873873484637,0.17415364072635445,1.0995477902859085,1.4724013155811606,0.003724128849457288,0.06379602774212664,0.19273062009376277,0.10924188352608051,0.039352734534902026,0.04413600203278028,2.340973534128033,2.9331202938342056,1.2597207088659101,1.761241160652163,0.0038716087823379,0.06510411238653979
666,6.25e-05,0.0706908441260234,0.0004703552390126907,0.027473453372690734,0.042747035514319985,0.16135463088032878,0.192463455034737,1.0988265258530499,1.4709489117388228,0.003724427170199092,0.06376751561625613,0.19276187325725339,0.10933373669699337,0.03931280560017439,0.044115330960085644,2.3415870809937003,2.934353153336273,1.2589564592837403,1.7602674065233164,0.0038700001487184522,0.06508519114399375
667,6.25e-05,0.07032482316625605,0.0002828020244311671,0.0273561527322288,0.04268586840959607,0.1192517964196336,0.14923701093857927,1.0970659142773544,1.467805490312843,0.0037173496886447346,0.06373910318116317,0.1926853441425187,0.109186009701443,0.039394708107564576,0.04410462633351114,2.3391568458503906,2.932370097996552,1.2598935590155145,1.7622213499601276,0.0038685258331523564,0.065065308362482
668,6.25e-05,0.07100610067722499,0.0008757487394118108,0.027425533874095825,0.04270481806371734,0.23139696746764257,0.2626183360948943,1.097773074411147,1.4696653364065668,0.003718360238130798,0.06373830359373665,0.19179462610185774,0.10846672209083068,0.03925753519049415,0.04407036882053293,2.3327739066148574,2.922695311307726,1.257856111237734,1.7590920926706408,0.0038632986959662155,0.06504305800259332
669,6.25e-05,0.07050583103771312,0.0004982981690303651,0.027349583587525917,0.04265794928115682,0.16581653187391684,0.1980979268999638,1.096333332579525,1.4676291936747559,0.003715446820964441,0.0637046647134689,0.19530716899391928,0.1119821355856754,0.03927074236462127,0.0440542910436226,2.372269451509739,2.969680024749564,1.2579377253054111,1.759353276556874,0.0038670879483022162,0.0650177282200383
670,6.25e-05,0.07032363893698508,0.0003342637982485549,0.027356610082851267,0.04263276505588526,0.1304440543977917,0.16224822595186164,1.0965271521396347,1.467836354707226,0.00371085263790813,0.06368407168697082,0.19212651645353085,0.10882149948225138,0.03924849228119012,0.04405652469008931,2.3383769068917895,2.9274712448605325,1.2576710097970525,1.7588380228696694,0.0038667625815973026,0.06503438511389818
671,6.25e-05,0.07036192151248348,0.0003552874333952358,0.02732157669481537,0.04268505738427287,0.13763410389859687,0.16727275440204536,1.096431640679392,1.4668769846528624,0.003718388285674847,0.06374544741684927,0.1943722814222417,0.111160360341831,0.03919938074605675,0.04401254033435389,2.3608673694414866,2.958763536949272,1.2571601246667123,1.7577325089161278,0.0038638681695396747,0.06499057978571537
672,6.25e-05,0.07062216866217452,0.0007949236437127166,0.02725265683004513,0.04257458818841667,0.2195254408933449,0.2502061568606728,1.0950679910891583,1.4650256813357219,0.0037088317011484888,0.06366103656177682,0.19520872488273894,0.11200260638470576,0.0392062410638652,0.043999877434167965,2.3708702406042037,2.9699514472637216,1.2570204833971663,1.7579114816553771,0.003860358175191818,0.06499487668218688
673,6.25e-05,0.070144737524494,0.0003571176113772743,0.027201123512648816,0.04258649640046792,0.13784996570880112,0.1677030337346286,1.0937234351880103,1.4636399310860375,0.003710150148238465,0.06365925570204826,0.19237504137311554,0.10922352806448968,0.03915385720791857,0.04399765610070731,2.3405742758885886,2.93287386343505,1.2560674977143087,1.7566616127322014,0.003859229709644319,0.06499672495406249
674,6.25e-05,0.07005731699428634,0.0002527904421202376,0.027235340536550728,0.04256918601561537,0.11229852137006437,0.141096294928323,1.0943615257882702,1.464560288325035,0.003709330262512435,0.06365635794009827,0.19240426789150428,0.10931067985901914,0.03911734680778248,0.04397624122470266,2.340866395055585,2.9340437315898766,1.25554644105405,1.755902719091653,0.0038623455424615727,0.06496156597781239
675,6.25e-05,0.0706690981560907,0.0009611716637592159,0.027207087171542143,0.042500839320789345,0.23740737042424687,0.27512861658409,1.094205122032686,1.463818780728708,0.0037055022821178086,0.06361180695748281,0.19276685823833545,0.10962283850047452,0.03917024947945079,0.04397377025841012,2.3462867730585413,2.9382301210693167,1.2560805325886764,1.7571600291113998,0.0038607851607361087,0.06495239379005924
676,6.25e-05,0.07053283137219334,0.0008218864625410177,0.027167850616410975,0.04254309429324133,0.20789736611220946,0.25441411269053577,1.093311506049045,1.4627445016147873,0.003705777937379431,0.06363540526362477,0.1913786060134854,0.10836391469752212,0.03905454032722636,0.043960150988736964,2.3310339943646756,2.9213098821444907,1.2542907536337973,1.7545115865832204,0.003854728558644997,0.06496159610023519
677,6.25e-05,0.07056247883445697,0.0009427770687284011,0.027081323838510044,0.04253837792721855,0.2358474636709437,0.2724832372157231,1.091201043853043,1.4604318669749143,0.0037048533619641133,0.06363671657737692,0.1930577365738125,0.10998671566638774,0.039124817989576274,0.04394620291784845,2.3523515712115257,2.9431025961329986,1.2553415750547818,1.7562264858760979,0.0038557597927407336,0.06493432081335847
678,6.25e-05,0.07026696477004198,0.0006138064246850222,0.027121490789196522,0.04253166755616041,0.18738378183910537,0.21986241797661274,1.092384470568487,1.4614961326390221,0.003708255527757229,0.06363143251039084,0.1936673487340248,0.11071234640736546,0.039034693916628026,0.043920308410031306,2.356935947603483,2.9527951071543095,1.2539629808766122,1.7540355702393446,0.003856273612711556,0.06494124434866605
679,6.25e-05,0.07015835688138879,0.0005954308323770221,0.027112207446627328,0.042450718602384446,0.18167394559136346,0.21654638828370285,1.092206197657923,1.4612640315933925,0.0036982013420413084,0.06356814752021506,0.1917081338905869,0.10881433186668678,0.03898249587436339,0.04391130614953671,2.3410346034870115,2.927374833138535,1.2532691379719367,1.75277852465978,0.0038518013776126427,0.06492031426607103
680,6.25e-05,0.0704516313518381,0.0008453653080880819,0.027097881323081423,0.04250838472066859,0.2194773102847651,0.25802245058404577,1.0914576527495243,1.4608593401795857,0.003701143769131004,0.06360023777556909,0.19256791314492044,0.10971232745729469,0.038971196634764324,0.04388438905286141,2.347913514479847,2.9394291664187713,1.253028004977908,1.7526416170960193,0.0038532770131927668,0.06489016817195084
681,6.25e-05,0.07043468678097158,0.0008321644421331705,0.02709851858713402,0.042504003751704385,0.21523508120538704,0.25599993929197845,1.0918355384126097,1.4608763589675224,0.00370416478911693,0.06357979496007249,0.1925382118411397,0.1098128473659029,0.03886695186524256,0.04385841260999427,2.345119746812082,2.940775430369441,1.2516684930291038,1.750247535088562,0.003853732539063509,0.06487226124059924
682,6.25e-05,0.06996309249454664,0.0005165021925494555,0.02702220603022389,0.04242438427177331,0.16472589800537887,0.20168396450137158,1.0897547008121575,1.4588179629784537,0.00369766343755528,0.06354635668280982,0.19112474616779102,0.10836229619405073,0.03889317557258773,0.04386927440115258,2.3354474848085496,2.9212880659887066,1.2517657943153953,1.7509347534616118,0.0038523294354813786,0.06489453043930911
683,6.25e-05,0.06986498139917875,0.00047567408663070363,0.026974868504320237,0.04241443880822781,0.1597051725087954,0.19354859873490646,1.0889814487285907,1.457539781843889,0.0036969937695917015,0.06355064661150864,0.192767581223954,0.11000160034199558,0.03891753034007775,0.043848450541880676,2.3508233829591783,2.9433017367502363,1.2520226049932968,1.7513601101964285,0.0038535419257855344,0.06487198084690529
684,6.25e-05,0.06958882274102152,0.0003097031885107957,0.0269126363496984,0.04236648320281231,0.1260579119619534,0.15617378045188526,1.0884389627245206,1.4558577151474528,0.003690363471572996,0.06351543672696601,0.19351059592821035,0.11086967968582687,0.038825091735387694,0.04381582450699577,2.3577877445891327,2.954892470344826,1.2507801543309254,1.7492373214920995,0.003854117764102575,0.06485456355963817
685,6.25e-05,0.06967844650121292,0.00045375538609202887,0.026888494465694832,0.042336196649426054,0.15746450194220543,0.18903672363790985,1.087612735208439,1.4552044106468447,0.003697352254468272,0.06348042041224987,0.19157446139568687,0.10891322889626953,0.038842166511471446,0.04381906598794591,2.3403047068476575,2.9287048184360884,1.2508401467268204,1.7497348152562084,0.003849176642209618,0.06484970222159009
686,6.25e-05,0.06954205470407089,0.00022644416643770584,0.026917262352958396,0.0423983481846748,0.10707948022150324,0.13354137803605473,1.0881722859640854,1.4559826135271277,0.0036951184934066058,0.06352253273267888,0.19283363242455545,0.11019718725955994,0.038847776954822735,0.04378866821017278,2.3526500845220624,2.94591722437466,1.2508817162799895,1.7498980731331264,0.0038481562265174837,0.06481383983594423
687,6.25e-05,0.07006951084165677,0.0009445740282682868,0.02680825896956016,0.04231667784382833,0.24231853211052146,0.2727427939427105,1.0863397777201649,1.4530313606657328,0.0036920427581600803,0.06344481273298401,0.19247753842832213,0.10988004779839841,0.03881183283783235,0.04378565779209141,2.3480772771224436,2.9416751026809216,1.2500704510283391,1.749057733725295,0.0038472645675622203,0.06481669096541111
688,6.25e-05,0.06946935455666546,0.0003180364488694835,0.026837275986289388,0.0423140421215066,0.1291014467520995,0.15826093702440064,1.086927799305999,1.4538176785089152,0.003685878684963461,0.06347233491353584,0.19072954102533718,0.10816578731060066,0.03878501394653174,0.043778739768204795,2.332469747903312,2.918638068862241,1.249887451099002,1.7484253638556537,0.003844578692522161,0.0648001840710847
689,6.25e-05,0.06960439881960101,0.0004794258593474182,0.026812163446435108,0.042312809513818474,0.15927004469797576,0.19431038516876417,1.0862121721925508,1.453155595756104,0.003693333333589303,0.06344538577492873,0.19350244091643004,0.11106180881209107,0.03870784590691328,0.04373278619742565,2.3613034054733997,2.9574516694334188,1.2489469822390902,1.746664538316725,0.0038465266636312214,0.06475887225554
690,6.25e-05,0.06945144381912556,0.0003801430772530856,0.026770592712808194,0.04230070802906428,0.13911203044560286,0.17302498807163041,1.085470285952695,1.4520103218029636,0.003690032301238044,0.06345350155143692,0.19062943403399216,0.10820316722118317,0.0386952646319824,0.043731002180826595,2.3329510267493054,2.9191423364656504,1.2485223918882409,1.7463732948491746,0.00383916928936817,0.06476176278604989
691,6.25e-05,0.0694098991406212,0.0002974685011011917,0.026833147309039126,0.042279283330480893,0.12369498580165576,0.1530579095641132,1.0865744668876165,1.453705666365757,0.003687384514583777,0.06340923703339911,0.19272386602884511,0.11029666064348387,0.03871705757254651,0.043710147812814695,2.3526313142570223,2.9472465425871026,1.2485540437269613,1.7469071154646034,0.0038402222204552998,0.06474631905289234
692,6.25e-05,0.0692952036029478,0.0002713780567937659,0.026752742972337887,0.04227108257381614,0.11895280082634462,0.14619167738343292,1.0848937897207966,1.4515438770725557,0.0036847755433938954,0.06341904763189364,0.1900037374145211,0.10766397582399129,0.03864059200086787,0.04369916958966198,2.3288281061201426,2.9118600072582477,1.2475642804936715,1.7451753739414309,0.0038389242353474924,0.06473848949554555
693,6.25e-05,0.06988389470468917,0.000851676133920029,0.02676595835413302,0.04226626021663612,0.2317064698417443,0.25898375515576966,1.0854296920647237,1.4518844872498655,0.0036875300544579265,0.06341185409325009,0.18936562757920428,0.10710564649085207,0.03858495140389418,0.04367502968445803,2.322471101380343,2.9042999571693677,1.2466614125811595,1.7439510961499476,0.003837120032725552,0.06472394897088446
694,6.25e-05,0.06965487489835402,0.0006505046321198368,0.02673370635409296,0.04227066391214122,0.1928316850697233,0.22633956749635223,1.0848673820040926,1.4510095289706213,0.0036858255897626612,0.06343337841467842,0.19103715134908172,0.1087856480188446,0.038584560989997976,0.043666942340239136,2.338413984660208,2.9269889744640034,1.2466309995898315,1.743851002208602,0.0038365001611386277,0.0647172610486083
695,6.25e-05,0.06954707591601045,0.0005975751226154575,0.026703526959205203,0.0422459738341898,0.1822588581319567,0.21693595580251962,1.0839806353174397,1.450189925329096,0.003687749465693127,0.06337048239162343,0.19313723529427346,0.11087986734288603,0.038612571234814895,0.04364479671657252,2.3627332696654877,2.9550282276615443,1.2469316780727948,1.7444926778239636,0.0038379269931781337,0.06468971097401713
696,6.25e-05,0.069184766671932,0.00031474779026213854,0.02666749102926257,0.042202527852407294,0.12901307421083671,0.1574405614527771,1.08357227513955,1.4492110741162008,0.0036852183530685177,0.06337103481249941,0.1904456169129512,0.10825770402888801,0.038558377463789116,0.04362953542027407,2.3316158013817923,2.9198779001957202,1.2459624604738981,1.7433546887847085,0.0038369040259840755,0.06469421703313856
697,6.25e-05,0.06897872511934984,0.00016938364766159322,0.026620326033552993,0.042189015438135254,0.09060433751874222,0.11549708558649972,1.0826872208803426,1.44792893783325,0.0036827556810941214,0.06334347461572346,0.19042915883200964,0.10829525836746925,0.03851645118230578,0.04361744928223462,2.3352531573851913,2.9203843056052925,1.2454326908325042,1.7423365417768972,0.003834424116589272,0.06468306338532824
698,6.25e-05,0.06900823060419795,0.00026271729962002626,0.026581644366084622,0.04216386893849328,0.11557517294486293,0.14383998221924515,1.081633056587121,1.4468768888787757,0.0036812482660068726,0.06332035813131691,0.1891742396951078,0.10707586959464813,0.03849455664194148,0.04360381345851819,2.3234550477973883,2.9038962107219097,1.2450430921530637,1.7418320935035763,0.003830973187698571,0.06465659909747247
699,6.25e-05,0.0691681760608402,0.00048163033126259936,0.02655271566252543,0.04213383006705219,0.1674547172219458,0.1947566069349202,1.081234377153249,1.4460892117772606,0.003675378321301155,0.06335805548207031,0.18927164283208714,0.10723920244785591,0.038448069748702234,0.04358437063552896,2.3221128071830353,2.906110159193145,1.2442880485849814,1.740899858656381,0.00382870240723118,0.06463368613307677
700,6.25e-05,0.06976121522780578,0.0010218733825987558,0.0265872354299248,0.04215210641528221,0.2538278256352197,0.28368333797549156,1.0818574181822553,1.4470292731043268,0.003676938007970295,0.06334479661308223,0.18903542567596868,0.10702299364978927,0.0384266329539204,0.043585799072259006,2.3234496396758075,2.9031791247030214,1.2438520748637891,1.7402735363008113,0.0038285156540307035,0.06463260543838853
701,6.25e-05,0.06939592815688196,0.0007429051371153696,0.02650535104259322,0.04214767197717336,0.21573348784500765,0.24188111710982718,1.0803398191229963,1.4448165684850935,0.003678475941047464,0.06335046262594203,0.1885008789004594,0.10645495084757405,0.0384641339501243,0.04358179410276104,2.3187973200779757,2.895464314854667,1.2443308258179262,1.741144694772559,0.0038314111551983774,0.06463270632920519
702,6.25e-05,0.06979667405371004,0.0011851804736155117,0.026491361070634874,0.04212013250945965,0.2841874239272164,0.30551147628302466,1.0801132151623452,1.444435355537744,0.003673310206717181,0.06334183947513877,0.18873500558059772,0.10682104776182504,0.038349867203273574,0.04356409061549911,2.321416370680383,2.9004387700452297,1.2427873226513577,1.7385140778360606,0.0038243930416475692,0.06462871567128341
703,6.25e-05,0.06930110657976522,0.0006866699600191465,0.02652546269409173,0.04208897392565434,0.1949789428509239,0.23254623324446813,1.0802947312676567,1.4453644346559673,0.003668088107081152,0.06328456621828568,0.1894866377235723,0.10755441633198826,0.03837997021924201,0.04355225117234201,2.3280145237675796,2.9103780672750528,1.2430118575250695,1.7392509272843126,0.0038274188063872187,0.06461702047034443
704,6.25e-05,0.06893270518719542,0.0003061932734513025,0.02650804514516426,0.04211846676857987,0.12510361284230687,0.15528628772925274,1.0798257509126725,1.4448717541630423,0.0036792253446942024,0.0633000634305042,0.18909895105173422,0.10727780872170091,0.03829785123839007,0.043523291091643206,2.3235190757133495,2.9066332141341733,1.2418048985993526,1.7373441443782107,0.0038270572079015545,0.06460320948991684
705,6.25e-05,0.06873572577334643,0.0002623472476751134,0.026436825068299835,0.042036553457371485,0.11589931996190884,0.14373864320473498,1.0788501073939165,1.442929445692129,0.0036732317069550955,0.06326136156480065,0.19129270604345072,0.10943762542741411,0.038347292145341744,0.04350778847069488,2.345434214146628,2.9357469310039277,1.2423401266253273,1.7385375139824941,0.0038291192564468535,0.06458562351654297
706,6.25e-05,0.06898822287390607,0.0006053776172688286,0.026403054320091896,0.041979790936545365,0.19214399525245823,0.21834762118020629,1.0777670537243218,1.442007607459872,0.0036659306200026174,0.0632171681651395,0.19229684365864122,0.11048945073846593,0.03832149995210497,0.04348589296807031,2.3553439648591343,2.9498211983527476,1.241888298607416,1.7379757005403254,0.003825470477591267,0.06456303571963108
707,6.25e-05,0.06888112592274,0.0005131698474154283,0.02637605265074428,0.04199190342458029,0.16786893681274337,0.2010323040469429,1.0777390514889662,1.4412705969082078,0.003665695243548298,0.06320267297554666,0.1885273564594612,0.1068137299076628,0.03823749430050206,0.04347613225129636,2.3189541252959063,2.9003394200079766,1.2405011369789134,1.7360017180099476,0.0038230611557451737,0.06457579607506694
708,6.25e-05,0.06865278406284968,0.0003107469384672148,0.026361423956955784,0.041980613167426684,0.12902721436227987,0.15643672457699992,1.0769242930284169,1.4408706162473195,0.003667770142423566,0.06321626443029017,0.1888298784487494,0.10717168622452238,0.03821387845141997,0.0434443137728071,2.322537781909861,2.9051951930646798,1.2401700131702638,1.7354412687562004,0.003821858731961229,0.06453323560408701
709,6.25e-05,0.06848078602815945,0.00017170958310823933,0.026321516751362652,0.04198755969368856,0.09216338557030149,0.11628737091305115,1.076748439335513,1.439779396615844,0.003662268839757197,0.06323645039986037,0.18955937287481348,0.10792486437226541,0.038202143000171114,0.043432365502376946,2.329137270274283,2.9153858443582155,1.240048930189765,1.7352072491200026,0.003820261303641458,0.06451921680854884
710,6.25e-05,0.06850708111327077,0.00017567532727818028,0.02633868070515193,0.04199272508084065,0.09312757321494278,0.11762257171309362,1.076858654974474,1.4402486351547221,0.003665125660696221,0.06321497590363956,0.1890739445704774,0.10747478986276418,0.03817812827930484,0.04342102642840839,2.3253461148827985,2.909300538106816,1.239578251806077,1.7346727465195524,0.0038203971094072616,0.06451637586755078
711,6.25e-05,0.06844643567214075,0.00020846188874718333,0.026302104551293098,0.041935869232100464,0.10328840899227394,0.12812934886023947,1.0764474105523476,1.4392483756849104,0.0036621488165418533,0.06313794628555043,0.1907644112341931,0.10920117363466895,0.03817141965008927,0.0433918179494349,2.3422865530124035,2.932573717139524,1.2394880761063032,1.7345219009965893,0.003820217682451218,0.06447710138250386
712,6.25e-05,0.06905318391869439,0.0008984989978071032,0.026254297053039163,0.04190038786784812,0.24100117230624135,0.26600762364525293,1.0751360772556917,1.437956837951482,0.0036533752452314722,0.06314821539465826,0.1943999989521401,0.11289057030538352,0.03813719790980838,0.0433722307369482,2.380907879125389,2.9817011888172926,1.2388616057129516,1.7337096611908411,0.0038172983130448377,0.06446464594696637
713,6.25e-05,0.06924922184317474,0.0011226339391564105,0.02625145471472744,0.04187513318929089,0.255877523174285,0.29734070632274173,1.075121121987781,1.437861600640464,0.0036631433561328257,0.06312650476298892,0.1882198592721594,0.10675644037417882,0.038086719456175686,0.04337669944180486,2.3199393143712914,2.899561517298433,1.2377664375177575,1.732601658488125,0.0038156994170474856,0.06449375604451967
714,6.25e-05,0.06890907003603267,0.000841605290806671,0.026165843614836665,0.04190162113038932,0.22231470697616493,0.2574479947501554,1.0733084732485507,1.435515172700676,0.0036596399021589818,0.0631612469612219,0.18956267940897553,0.10819433995002176,0.03802073998609916,0.04334759947285466,2.3353422164250572,2.91902326146003,1.2369353497026219,1.7310790922799206,0.003816723765358234,0.06447261959792056
715,6.25e-05,0.06882566150226577,0.0008192191943907594,0.02613755535262026,0.04186888695525475,0.21277760210348287,0.25400095214944873,1.0730595026848986,1.4347552004150974,0.003655685647833523,0.0631436965752555,0.18805445596602832,0.10663923520719802,0.03805270958070035,0.04336251117812991,2.321007356223245,2.897969402956653,1.2373387958983824,1.7317929175321831,0.00381202342309516,0.06447879479912248
716,6.25e-05,0.06883902922404471,0.0007508423282999136,0.026188966077518975,0.04189922081822583,0.20323524986041364,0.24316981189862602,1.0736490422907086,1.4361492591911191,0.0036593212008521497,0.0631470533898515,0.1918604516501693,0.1104753469254812,0.038053365400494595,0.04333173932419348,2.3539302410067493,2.9496329222089583,1.237418758998684,1.7318566017610957,0.0038110457111950992,0.06444783240740785
717,6.25e-05,0.06845139548842612,0.00047076145979136133,0.026133144176542403,0.04184748985209236,0.15389853548843804,0.1925465473235841,1.0726796643787093,1.4346354595003084,0.0036479999045596146,0.06310655180049123,0.1884747041582262,0.10707229470462895,0.03805718270391723,0.043345226749679985,2.3253767122811735,2.9038477348271523,1.2375123204702925,1.7318818891313923,0.0038083181423400948,0.06448204031369105
718,6.25e-05,0.06829892198552968,0.0003552412893979233,0.0260560087642297,0.04188767193190208,0.13713326356387037,0.16726189153130228,1.0714303967026368,1.432499556035612,0.003652855818798581,0.06316874242705232,0.18925454428273084,0.10794162188947115,0.037995821524129746,0.04331710086912999,2.330382433674058,2.91561217188089,1.236401725753867,1.730466628436247,0.0038113231849023015,0.06446339524560446
719,6.25e-05,0.06806155109446735,0.00017867584635012417,0.026043933795428454,0.04183894145268877,0.09368758715995029,0.11862281035561588,1.0711830548285246,1.43218410642314,0.003652839930471155,0.06309581839208107,0.18831580484100938,0.10701374942650672,0.03800843834409097,0.043293617070411676,2.3200856194917163,2.9030537394307614,1.2364401539265508,1.7308611063277577,0.0038116764088944894,0.06442409572366732
720,6.25e-05,0.06802666614825331,0.00018237725819045727,0.026070596522062613,0.041773692368000236,0.09525163935725754,0.11984519493268374,1.0717010579890334,1.4328998963069557,0.0036484996710226536,0.06307122661323593,0.1899399963138484,0.10874295080689514,0.03793379461343187,0.0432632508935214,2.33740771667476,2.9264145120462723,1.2353990730270235,1.729145610617434,0.0038096032196581584,0.06439329801904127
721,6.25e-05,0.06878380443048886,0.0009342714815790792,0.02606594306581241,0.04178358988309735,0.23773735697059237,0.27125130178243173,1.0714547292229748,1.4327880945883402,0.0036510119019903297,0.06306141005981397,0.18821513444126833,0.10706396604408494,0.03788984175275465,0.04326132664442874,2.3198886099573435,2.9037347941505636,1.2346769506398425,1.7280984257146346,0.0038077669185714305,0.06439797763113352
722,6.25e-05,0.06854104627938713,0.0007649562886510768,0.02602030368470024,0.04175578630603582,0.2032446705295621,0.2454446638168085,1.0702341096831218,1.4315164711232453,0.00364545602555273,0.06302066935609235,0.18868938906788182,0.10757739617895652,0.03786110433697533,0.04325088855194997,2.3289324814458534,2.910688963234641,1.2342927690946819,1.727411082509922,0.0038050561518006456,0.06438561787238323
723,6.25e-05,0.0684507390877719,0.0007994479190051931,0.02593332180239026,0.041717969366376444,0.2061548363784694,0.2509171656634088,1.0688846551462516,1.4291389091109046,0.0036422253418962203,0.06303240754965009,0.18962735116005694,0.10852927142978505,0.03787432614081297,0.04322375358945891,2.3350432638747893,2.9235379029726682,1.2343409737269575,1.7278639163312828,0.00380962040756719,0.06436306776498188
724,6.25e-05,0.06856520520863268,0.0008580539972921053,0.025975721177560935,0.04173143003377966,0.2181609701083167,0.25995165957099864,1.0700028845903955,1.430290031855949,0.0036467248978857194,0.06302937897561607,0.1895388137628861,0.10850185940055479,0.03782349334096112,0.04321346102137016,2.334972003751143,2.9231686700097597,1.2333997406995412,1.7266477539018015,0.0038056346223488842,0.06436925728644788
725,6.25e-05,0.06875313007680231,0.001088814899728551,0.025925904361018864,0.0417384108160549,0.2512437011622288,0.2928278053380819,1.0687446967416738,1.4289179829445786,0.003648170484019063,0.0630507037790109,0.18608202210709945,0.10503974598042555,0.037822952833314535,0.04321932329335938,2.3036302764393386,2.8761538694838005,1.2330411112925124,1.7266046228843641,0.0037979956358780488,0.06440195221392274
726,6.25e-05,0.06824685190415142,0.0006053037404721002,0.0258971038172653,0.04174444434641402,0.17952365110565643,0.21833429782919575,1.0674622722223985,1.4281401327954932,0.003646687829380426,0.06305563746024903,0.18830489753441523,0.10734604744723535,0.037765295111544514,0.04319355497563538,2.326199725506325,2.9075575125371445,1.2323836975589535,1.7252590224151794,0.0037991943482162133,0.06435398172895605
727,6.25e-05,0.06786296982180441,0.00021013522835933203,0.025922262327687556,0.04173057226575753,0.1023823722829164,0.1286425730696845,1.0685901154689192,1.4288172052831356,0.0036465390234270653,0.0630521366174826,0.1864290100790972,0.10548776024598987,0.03775432752054846,0.04318692231255892,2.3076040172604837,2.8822810115774775,1.2321753605832286,1.7250595241036424,0.003800022509506906,0.06434529338615234
728,6.25e-05,0.06828358403104585,0.0006536390161207533,0.02589358846964236,0.041736356545282745,0.19862848866895702,0.22688420820079203,1.0681207373261292,1.4280429594700035,0.003647021488064037,0.06301491573878722,0.18638542797081165,0.10543980384055712,0.03776663951520017,0.04317898461505434,2.306940930706881,2.8816257718175353,1.2321935565890796,1.7253437834669259,0.0038016806167247125,0.06434022287241777
729,6.25e-05,0.0678551662317338,0.00035089854113552543,0.025840500618372703,0.04166376707222556,0.1383595725639523,0.16623637741952707,1.0672919112597756,1.4265621859216353,0.003638942961358012,0.0629684147490553,0.18641087319853591,0.10552901051053351,0.037722892443569724,0.04315897024443268,2.308657124930263,2.8828445046071756,1.231496450815738,1.724322037273456,0.0038019290335972815,0.06432761830324647
730,6.25e-05,0.0677466354172772,0.0002506477448175548,0.025831942250529916,0.04166404542192974,0.11163457916267289,0.14049704358404166,1.0669945318398268,1.4263258872992297,0.0036416874882857072,0.06298330264142586,0.18690114193882856,0.10604615695836092,0.03771469884194702,0.04314028613852069,2.3128953441465954,2.8898995824682467,1.2315297052756142,1.724135724819291,0.0038030967516361268,0.06428747797971635
731,6.25e-05,0.06830431810619016,0.0008177435032727678,0.025843371786812258,0.04164320281610514,0.21752422271116653,0.25377207817774494,1.0668791716687465,1.4266574216958663,0.0036419548705723098,0.06292544953057468,0.1857645307307277,0.10500496350877608,0.03763489717831214,0.0431246700436395,2.305782172808461,2.8756776305898573,1.2301618635349099,1.7223368996732458,0.003798566698950443,0.06428579208834428
732,6.25e-05,0.06803018019715516,0.0005911169648229424,0.025803882249211915,0.04163518098312031,0.18072287853108374,0.21576052826518136,1.0658372259282818,1.4255508910142243,0.0036426898876258406,0.06295398079006408,0.19082917556465406,0.11009889666933953,0.03763799649854734,0.04309228239676717,2.350341934834007,2.9446031230656806,1.2300474845815137,1.7224301394201302,0.0038009890974270767,0.06425096594583052
733,6.25e-05,0.06816565179613895,0.0008010672851402678,0.025768294544733564,0.041596289966265125,0.2105809547468229,0.25117116669801287,1.0658645899993884,1.424567536306562,0.0036366226883834804,0.06293743885547914,0.1861788268803247,0.10551080454431037,0.03757356758975081,0.0430944547462635,2.3080471221168173,2.882595818320257,1.229228801543224,1.720879325318302,0.0037948843629539153,0.06427320425028987
734,6.25e-05,0.06762596744125596,0.00027463217709245254,0.02576079383545826,0.041590541428705254,0.1191572525604458,0.14706556468187407,1.0654587037217529,1.4243603753685985,0.0036360996076875724,0.06291657861225908,0.1862490960563995,0.10552760452095436,0.037624244031616114,0.04309724750382903,2.3087098532222536,2.8828253001062385,1.2299661895857419,1.7220706197406148,0.003794564947474574,0.06427046779789582
735,6.25e-05,0.06747799918413667,0.0001889770979363423,0.02566909346146384,0.041619928624736506,0.09675015793171582,0.12199439361292733,1.0638045537905185,1.4218231156857963,0.003635493601096773,0.06294634181529547,0.1862711438299826,0.10563431184571297,0.037563121925115836,0.04307371005915385,2.3083841823605944,2.8842824584215756,1.228920591702925,1.720677564714072,0.0037939689009344117,0.06425448546187719
736,6.25e-05,0.0682336097545441,0.0008622680284200973,0.025748483767803615,0.04162285795832039,0.22332856407848162,0.260589208439691,1.0648964239037306,1.424019924086926,0.0036382329734401713,0.06292743437360929,0.1875772759220043,0.10697746257046668,0.03755508565752288,0.04304472769401471,2.3211764531842918,2.902561505380163,1.229033945291902,1.7204569459629488,0.0037945470366220493,0.06421141882104828
737,6.25e-05,0.06801936108767735,0.0008406017674081733,0.025624372894287237,0.041554386425981936,0.21508656120929387,0.25729445951057334,1.0627368826058312,1.4205839882818263,0.0036356185302751365,0.06289901499884404,0.18573267201569543,0.10519403032674986,0.03750675040162486,0.043031891287320725,2.3017336925913545,2.878265368756082,1.2280399524806658,1.7192943520891373,0.0037889497484943453,0.0642293022356208
738,6.25e-05,0.0681090619322996,0.0008688027527214965,0.02563686247217224,0.04160339670740586,0.22011296482884757,0.26157478624782626,1.0626883162897853,1.420930037105984,0.003632629189626243,0.06294597781478849,0.1910197047516472,0.1104823945956372,0.037530371718403274,0.04300693843760675,2.3541488991068023,2.949727005232739,1.2281341714303537,1.7198639417758403,0.003789238983912275,0.06418292045223302
739,6.25e-05,0.06810757990092171,0.0009458159774033541,0.025648944870326592,0.04151281905319177,0.23245135253566665,0.27292203951057736,1.0630395894378875,1.4212644401210457,0.003629537294514878,0.06286091216405816,0.18557548068815255,0.10504708264164826,0.037499548200887606,0.043028849845616675,2.3074270021512975,2.876254312404668,1.227683082013575,1.7192016660776925,0.0037873652178995053,0.06420132827619024
740,6.25e-05,0.0676683659598835,0.0005458981255992601,0.02559946743672446,0.04152300039755979,0.17136099963022666,0.20734381571086247,1.0621756452619162,1.4199088477028357,0.0036270742608674185,0.06287366011901989,0.1909292887834036,0.11044697343713977,0.03747836245451034,0.04300395289175346,2.3541643559105734,2.949254119373447,1.227323081899038,1.7187131804316662,0.0037898527870904885,0.06418896490659863
741,6.25e-05,0.06780469271651822,0.0007407625094179923,0.02557443473613924,0.04148949547096098,0.20353132486511796,0.24153205814150705,1.0615612714290306,1.4191986195417987,0.0036252276841457825,0.06283361343551364,0.18735257692583118,0.10691287280340828,0.03744450587949323,0.04299519824292968,2.3215704877742014,2.9016851334964153,1.226668951526989,1.7178568258101072,0.003789667410967698,0.06418622100946678
742,6.25e-05,0.06732374390969222,0.0002859647890304016,0.025555457497317788,0.04148232162334403,0.12206737742885862,0.15006919943475902,1.06128192877472,1.4186718193906696,0.003629554678314268,0.06284821133652223,0.1863421983160175,0.1059417146371636,0.037427703518422874,0.04297278016043104,2.3117146193613185,2.8884761354373256,1.226606472731467,1.717461903875757,0.0037916209939957905,0.0641591118847965
743,6.25e-05,0.06725364296390483,0.00020353450329456475,0.025590724514293044,0.04145938394631723,0.10142313404130852,0.12660600522399765,1.062004021947851,1.4196505213609154,0.0036275459024050125,0.06280939422994618,0.18781855869532302,0.10749979499920784,0.037375930925237756,0.04294283277087741,2.324279773936103,2.909638958060169,1.2257650135916542,1.71628300703927,0.0037874976369846793,0.06412965646189735
744,6.25e-05,0.06761569923036377,0.000704397828463313,0.02549054171739944,0.04142075968450101,0.20966219256581353,0.23552894631599927,1.0599758224623943,1.416869033715521,0.003623736476135072,0.06281166153998301,0.18669456484795938,0.10642164306056945,0.03734569268735305,0.042927229100036886,2.3144774981546785,2.8950113107797906,1.2251084094171918,1.7156774670592476,0.0037833326513097443,0.0641245217200377
745,6.25e-05,0.06711997823126666,0.0002259426208607297,0.025461944563320456,0.04143209104708547,0.10635865456818507,0.13339340731459742,1.059843459348973,1.416074081286427,0.0036235255568701752,0.06279894281031358,0.18557320255365042,0.10532135823804305,0.03732437050949852,0.04292747380610886,2.3084211497892886,2.8800067826098865,1.2247659880757342,1.7152070955638974,0.0037812484315534593,0.06412845389927083
746,6.25e-05,0.06744384157746686,0.0005470988272699583,0.02547265036884899,0.04142409238134792,0.1783299438022197,0.20757171658193818,1.0596402934364126,1.4163716571770035,0.0036220228425002643,0.06278124965323631,0.1842436243122831,0.10395926220388627,0.03735729760375488,0.04292706450464199,2.296616263648342,2.8613229568649747,1.2250873599462178,1.7159274203863872,0.0037805301165040866,0.06411241894841903
747,6.25e-05,0.06794291831326572,0.0011085229046075907,0.025438750832596013,0.04139564457606213,0.2747330526616579,0.2954660732960517,1.0588459313634464,1.4154286001461434,0.0036266749446088853,0.06276710979500484,0.18470054646442494,0.10455943075741855,0.03725364500936994,0.042887470697636425,2.300640697294669,2.8695704407669163,1.223320113886064,1.7134816859210373,0.0037784742385265856,0.06409746581605448
748,6.25e-05,0.06729484561198025,0.0004892494187937625,0.02542613070699599,0.041379465486190495,0.1647602153274103,0.19629102560007136,1.05867461997062,1.4150774827477242,0.003624152582514072,0.06274361156733661,0.188009181637869,0.1078573665504592,0.03728746156689804,0.04286435352051177,2.3292527099330993,2.9144740388593373,1.2240865443812117,1.7142480753903202,0.003780940342143839,0.06405786158939389
749,6.25e-05,0.06731623315711235,0.00044760681903776895,0.025456814959218654,0.04141181137885593,0.15755023375424865,0.1877515936579524,1.0593248698993947,1.4159467605843898,0.003625911604591281,0.06275744357072043,0.18394125607349263,0.1038200979662424,0.03725316868086353,0.04286798942638669,2.293090593438068,2.8594071719376126,1.2235311260557968,1.7134533990513172,0.0037781605037333276,0.06406684458310064
750,6.25e-05,0.06712538866521685,0.0004242618467830809,0.02537173731939357,0.0413293894990402,0.15187040120076,0.18278993313693853,1.057881575632137,1.4135631105536037,0.003615901161807228,0.06269652980521533,0.1868489672660156,0.10682274727891018,0.03718116125595225,0.04284505873115319,2.318263547416825,2.900461842884285,1.2224312299157807,1.7118232871662942,0.0037795423469146267,0.06404712609779264
751,6.25e-05,0.06755790742782729,0.00089309024948138,0.025336956306865447,0.041327860871480465,0.2355392105431481,0.2652057640486655,1.0568736228101847,1.4125938397237077,0.0036139352262320344,0.06271295506209355,0.18601810441851827,0.10597189425879126,0.037199975479181184,0.042846234680545804,2.3112782267594856,2.888887526321773,1.222699163062203,1.7122753715521482,0.0037775670933983285,0.06405681681373429
752,6.25e-05,0.0669926624391597,0.0003482077398658846,0.025336720187823198,0.04130773451147062,0.1350307130948388,0.16559777418122038,1.0570370811770233,1.4126021576899783,0.003614448725257115,0.06270901425338807,0.18396432328247403,0.10398179951785587,0.037151917778841366,0.04283060598577678,2.2954353589290206,2.861633092974698,1.222010839853074,1.7111239353728962,0.003774498911748966,0.06404421858751023
753,6.25e-05,0.06688112055341837,0.00026797904524775986,0.025351077378648154,0.041262064129522436,0.11756188285451111,0.14527326678708308,1.0571066471090451,1.413002555194259,0.0036134245438274163,0.06266352458212332,0.18587138182216212,0.10598852068301239,0.03708860811827828,0.04279425302087145,2.309794684773939,2.8891141429466236,1.2209499037242928,1.7096524649490432,0.0037760846924870346,0.06402047339401079
754,6.25e-05,0.06683398261641837,0.00021541048863754433,0.025313210599624755,0.04130536152815608,0.10431400249961281,0.13024729360813192,1.0564809195180103,1.4119316879505543,0.003612118230236998,0.06273264361821544,0.184549156705797,0.10464622177906101,0.03710500921853671,0.04279792570819929,2.3005362316168365,2.8707611573217946,1.221026633922939,1.7100685334537378,0.0037718684144895263,0.06401561414572834
755,6.25e-05,0.06687567046404604,0.00036773122902272526,0.0252503361276243,0.041257603107399,0.14231136546519857,0.1701768739161822,1.055204877864784,1.4101771511557142,0.0036070909388057704,0.06267548427865886,0.18379956960897492,0.10394768694532312,0.037072319468410796,0.042779563195241004,2.2944536283368406,2.8611636566192513,1.220446814012506,1.7093072708385213,0.0037716270453003885,0.06400068346843325
756,6.25e-05,0.06770270272680291,0.0011833859118342484,0.025226758957846842,0.04129255785712181,0.2848514794515663,0.30528009088312025,1.0546841503508544,1.4095185457814816,0.003612274787245322,0.06271789923319611,0.18385886716275332,0.1040211375233939,0.037062108572021094,0.04277562106733833,2.2976235613262994,2.8621743429452198,1.220060569992387,1.709093525445602,0.0037705391948635323,0.06400784520953078
757,6.25e-05,0.06726191901752555,0.0007223388844706949,0.025256353108649748,0.04128322702440513,0.210698038260697,0.23850955495347564,1.054900363408238,1.4103443510597373,0.0036105960958133835,0.06269596880074828,0.18346103235676212,0.10361109202178576,0.03708246816225907,0.042767472172717265,2.287087173570779,2.8565275070408096,1.2201965912564012,1.7095606555920886,0.0037700928311952815,0.06399654742793941
758,6.25e-05,0.06696547661528567,0.0005680475057270317,0.02515564920539883,0.04124177990415981,0.1821708612852935,0.21150839689419812,1.053257811693034,1.4075300051749897,0.0036074520144051925,0.06266634457152774,0.18354024060077925,0.1037885711767483,0.03698900176116479,0.04276266766286613,2.2963878630027454,2.85897298446343,1.2188746039154672,1.7073693927997027,0.0037674174281303137,0.06400252574752133
759,6.25e-05,0.06707887522574671,0.0006753718729262814,0.025187605257989815,0.04121589809483061,0.19007832549849907,0.23062520514545493,1.053750909303224,1.4084386891255256,0.00360471152507201,0.06262701120013088,0.18585340834532457,0.10618293797257516,0.036939401819536324,0.04273106855321309,2.313654705736895,2.8917627146412617,1.2183586935304558,1.7062298127346316,0.0037696309008662366,0.06397497688543391
760,6.25e-05,0.06658084147648925,0.00021085971340440668,0.025152557772069813,0.04121742399101504,0.10304732351659673,0.12886414331263282,1.0531010385825472,1.4074582456463038,0.003604446691628668,0.06263768295712235,0.1848519349366222,0.10513947315791136,0.03698810833306285,0.042724353445648004,2.3039971913520563,2.8775188892482473,1.219018868180162,1.7073257436816216,0.0037691372369726968,0.06396131036909528
761,6.25e-05,0.06665980767969841,0.00027634334422040833,0.025189269695108044,0.04119419464036996,0.12056428385256525,0.14752301831740514,1.0539436246275624,1.4084701783233482,0.0036057669109035135,0.06259657329983417,0.18338469422733988,0.10376696487659293,0.03691987072894693,0.04269785862180002,2.2920396022151226,2.8586753840496124,1.2178533879159197,1.7057080831926177,0.003766932836890194,0.06394802325351112
762,6.25e-05,0.06653977590418757,0.000208777964754809,0.02516059552483194,0.041170402414600814,0.10245006137934373,0.12822644880363668,1.053258735072826,1.4076681997142158,0.0036043277981434286,0.06263326266263447,0.18560328721575753,0.10600246314231596,0.03692647857781755,0.042674345495624,2.31166111378739,2.889304163670869,1.2178161129086433,1.70596084993036,0.003768248603128304,0.06391946001882791
763,6.25e-05,0.06655537806371763,0.00021152150286797688,0.025166581499069616,0.04117727506178004,0.10290084614993399,0.12906620685993078,1.0532092183110011,1.4078358074579944,0.003608446276984198,0.0626188352111479,0.1846962397394472,0.1051210757386752,0.03690864464382201,0.04266651935694998,2.30458132210598,2.877267122539036,1.2174738667299794,1.7056048853007437,0.003766490776041592,0.06390353318417674
764,6.25e-05,0.06698157883235753,0.0007718536792883455,0.025074794730111954,0.04113493042295723,0.2064735256599768,0.2465487325841773,1.051816032376624,1.4052662295582004,0.00360307478666634,0.06255679450511464,0.18816141534505912,0.10864298886064405,0.0368783649389335,0.04264006154548156,2.335827845123146,2.925069149674314,1.2169234694367943,1.704906064583174,0.0037679546018266038,0.06388005898468353
765,6.25e-05,0.06750291198921667,0.0012917877539543724,0.025040120365770246,0.04117100386949203,0.29845713258311624,0.3189560663149254,1.0508583436188712,1.4042942115883024,0.003610318493772068,0.0625880661922516,0.18825764586263946,0.10870165396720169,0.03690725336271024,0.042648738532727534,2.3369859357752083,2.9258587833934024,1.2169031110457447,1.7056779149486876,0.003771335581046437,0.06389584654793895
766,6.25e-05,0.06696236461631545,0.0007661890337941894,0.025042307144560603,0.04115386843796067,0.20826797080565035,0.24564235415004534,1.0505628129614935,1.4043552277821596,0.0036031887581768735,0.06258190225429884,0.18515502115095964,0.10566333529704909,0.03683585052406707,0.04265583532984349,2.3066057157498063,2.884678665308066,1.2159590532539206,1.7039698654420767,0.0037650993498936484,0.06390350244118446
767,6.25e-05,0.06645107739707046,0.0003544637602987583,0.024974513288681374,0.04112210034809033,0.13958265036018488,0.1670787452739225,1.049872987126553,1.4024533135963608,0.003597416936978107,0.06258715327588969,0.18558947014094215,0.10606443923542004,0.03688419531179371,0.04264083559372839,2.3135920374967385,2.8901486799662264,1.2168121694414105,1.7050380739499746,0.003765042081072561,0.06387708286894447
768,6.25e-05,0.06658911295202082,0.0005178161600144861,0.024962014027276557,0.041109282764729776,0.17625687903418405,0.20194034080044257,1.0497090796092046,1.4021022514369912,0.003599940149830891,0.06251334164080308,0.18615305768100246,0.10681330498345365,0.03674686153179653,0.04259289116575229,2.3187215342472927,2.900333650945586,1.214658988885305,1.7017970355416054,0.003759298827301568,0.06385862440810411
769,6.25e-05,0.06650476779434732,0.0004651548558885958,0.02494606768118611,0.04109354525727261,0.16334834684902594,0.19139653207203153,1.0488647729396843,1.4016543345329107,0.0035961314725706035,0.0625272690264664,0.1841689788745607,0.10478442651032954,0.0367857799660347,0.04259877239819643,2.302150973484005,2.8726562179250954,1.2152480097458571,1.702687638688676,0.0037579138693396397,0.0638468079908095
770,6.25e-05,0.06610145397929988,0.0001612229975293795,0.024873282092272294,0.041066948889498224,0.08851151761088176,0.11268050397137226,1.0477386849171855,1.3996081435505854,0.0035973480761748596,0.06250878759509772,0.18390508679472964,0.10461232125878628,0.036715201302671176,0.04257756423327213,2.2994882646655745,2.8702961229537327,1.2141250531384433,1.7010767417367294,0.0037577032193878493,0.06383336849859952
771,6.25e-05,0.06645190255428972,0.00047764867016405105,0.02490466571618198,0.041069588167943684,0.1634915865361016,0.1939499051067971,1.0481329695539756,1.400490743653502,0.0035968063214504953,0.06250686593265344,0.1868692285876307,0.10760461319318823,0.03670909433463924,0.04255552105980322,2.3283605495182775,2.911057141193678,1.213879904868,1.7009395756031478,0.0037588908622156725,0.06381416517513035
772,6.25e-05,0.06669593857424876,0.0007820265983292178,0.024887123340065483,0.04102678863585405,0.21070411374431647,0.24816815230132774,1.0478878718470757,1.399997026854914,0.0035932539911698244,0.06245453758312023,0.18223642677893645,0.10299795213160007,0.03668397918121301,0.04255449546612333,2.290958525302906,2.848062922014986,1.2132556806355088,1.7003841854033435,0.0037543048549600554,0.06382325986204856
773,6.25e-05,0.0667872073022145,0.0009306296065625398,0.024849231339221237,0.04100734635643072,0.23248444878308996,0.27072210447166334,1.0469669460754447,1.3989451888647388,0.0035901785769906235,0.06245463806043285,0.1887302789139384,0.10946799674002063,0.03671366598193063,0.04254861619198717,2.349071333032511,2.936154269446445,1.2137983107723262,1.7011066696008397,0.003755529349683181,0.06381078924389455
774,6.25e-05,0.06664237613200283,0.0006500799513616699,0.024946236942116794,0.041046059238524356,0.18768681895991432,0.2262656727505966,1.0488888270263919,1.4016724976591395,0.0035934304901399025,0.0624910796797084,0.18228389896389205,0.10309188558838595,0.036645021088511996,0.04254699228699413,2.2853347295598665,2.84936133339297,1.212688314866985,1.699527368831738,0.0037519720199737216,0.06383721112546771
775,6.25e-05,0.06667421924111004,0.0008554667810283362,0.024817777093540935,0.04100097536654077,0.2087444437537034,0.25955945878703424,1.0462969696029054,1.3980448901970597,0.003592316651845584,0.06246838967371617,0.1818902221969341,0.10272438105367318,0.036625406714665354,0.04254043442859556,2.288784735443042,2.844278061789232,1.2122631668122468,1.6990785098511254,0.0037509523250272895,0.06382512991452695
776,6.25e-05,0.07193677566564809,0.00616618573621246,0.02475651813978867,0.04101407178964698,0.5738446502467812,0.6968568703068889,1.044902064802145,1.3963181368154745,0.0035900413951239223,0.06250574698052305,0.2050256567582514,0.12598449125636169,0.03655156960435944,0.04248959589753026,2.5232083498142566,3.149878689592469,1.2109485582858204,1.697314007459088,0.003759090241830144,0.06378871739780821
777,6.25e-05,0.07120937578789756,0.005476944308937282,0.024765081877269043,0.040967349601691225,0.5922716964880734,0.6567566023466181,1.0447225813377385,1.396559532899513,0.003588443621542378,0.06246748329422164,0.1833598075775318,0.1042140262839853,0.03658151687634539,0.04256426441720112,2.3090749394741894,2.8648268113703605,1.2107090979562458,1.697984343174152,0.0037511985104554213,0.06390058886139499
778,6.25e-05,0.07841107308115018,0.012593595961408813,0.024821088952875745,0.04099638816686561,0.8636313913881805,0.9958872283676962,1.0458045242298486,1.398151279456293,0.0035936316320287834,0.06254204474235626,0.22617025537420243,0.1470152238478581,0.036508226374316236,0.04264680515202812,2.731386318686838,3.402643420972304,1.2098274994778289,1.6962296029369783,0.0037475226855321468,0.06400886374274281
779,6.25e-05,0.10342817503497252,0.03749989259107304,0.0248218067758217,0.04110647566807776,1.5707089690756126,1.7185030088610065,1.045855607107441,1.3981572811492318,0.0036004471449955057,0.06266127937054937,0.18489844465468755,0.10586999811349049,0.03643440598997528,0.042594040551221776,2.3050360910227887,2.8874983027749814,1.2089210688612186,1.6946931411682966,0.0037531044076612847,0.0639985515257079
780,6.25e-05,0.08374992330958868,0.01771874653721076,0.0248716302199837,0.04115954655239421,1.0563808761731273,1.1812770943228112,1.0462103916226413,1.3995598681088042,0.0035957107234854953,0.06273556212523246,0.20021862142674637,0.12105965843430246,0.03652458946793119,0.04263437352451269,2.4712360803859483,3.0876993550396885,1.209964498944424,1.696795086959441,0.003755376648881699,0.064045395407679
781,6.25e-05,0.0802608301408146,0.014119204527500316,0.024906599477319786,0.041235026135994494,0.9462899730973139,1.054484983828004,1.0466665846698457,1.4005437922290187,0.0036040058910032755,0.06281390629250305,0.21052771789488334,0.13142483464907923,0.03643918541042789,0.04266369783537625,2.5796081714782844,3.2171699580362505,1.208785614136083,1.694756486054207,0.0037561370062950054,0.06407549173489671
782,6.25e-05,0.07524015528444324,0.009068197374575164,0.024868879870685253,0.04130307803918281,0.7586692615893507,0.8450759982037943,1.0462491010941122,1.3994830626713315,0.003606495381718481,0.06288737959320609,0.18536950164925986,0.10602666721390036,0.036621032770856925,0.04272180166450256,2.3141805218276215,2.889634009461247,1.2114155210989466,1.6989839330384549,0.0037579586328462316,0.0641083396277936
783,6.25e-05,0.08375120331585229,0.017680342152366718,0.024840113323240366,0.0412307478402452,1.0155031985179306,1.179996224109101,1.0464247238374318,1.3986735851357122,0.0035992004333987473,0.06280387536158938,0.2276179285380255,0.1484016804210124,0.03653936113333535,0.04267688698367779,2.7519978004237617,3.4186504260450112,1.2107001021091022,1.6969622062830347,0.003767996406850977,0.064068339489182
784,6.25e-05,0.08788579435504003,0.02170393610659012,0.024911641145144246,0.04127021710330566,1.103353550485636,1.3073881253977273,1.046737191372469,1.4006864571080855,0.0036039760799378723,0.06289549858444042,0.2200183119995806,0.1408225921935569,0.03649931062464747,0.042696409181376196,2.676612871596826,3.330208708279392,1.2099169716958105,1.695989720336469,0.003770699295291227,0.0641323499923862
785,6.25e-05,0.08182507387320584,0.01563411068121163,0.024899840557065425,0.0412911226349288,1.046652705145803,1.109613868346554,1.046537716032758,1.400354262822677,0.0036166873540171346,0.06292130467818298,0.19639084828836673,0.11710127724205231,0.03654601627545826,0.04274355477085613,2.4254782389044824,3.036799372222425,1.2102950269309196,1.6970816408602876,0.003768565704016566,0.06419888910035701
786,6.25e-05,0.07984797006864573,0.013652110253362217,0.02485651085371894,0.04133934896156458,0.949146545520645,1.036895950620824,1.045990609749916,1.3991355598854573,0.0036093091763716545,0.06296027888557411,0.19003672629655144,0.11079354755529482,0.03649446910959163,0.042748709631665015,2.358342543118594,2.953877761477853,1.209917478764191,1.6958889499725749,0.0037641494650244136,0.06421877742723558
787,6.25e-05,0.07025995723645052,0.004061508829743436,0.02486142670705402,0.041337021699653066,0.5034811124974746,0.5655603907006174,1.0465135687397131,1.3992739419475912,0.003612135585043853,0.06293061694374753,0.19176754517500968,0.11243860226699713,0.03659820761913228,0.04273073528888031,2.3764637864687264,2.975726441837587,1.2115349224384913,1.69834444154207,0.003765131032151833,0.06420042175116912
788,6.25e-05,0.06940214649316268,0.0033402883977325954,0.024803894359059424,0.04125796373637066,0.4561467802394776,0.5128935853639268,1.045629666444764,1.3976543386826448,0.003607210507635995,0.06283690147693985,0.18618643310714234,0.10700144606944312,0.036471875771477216,0.04271311126622199,2.336210977042119,2.90288685278284,1.2095161187929055,1.6953515223427102,0.0037602459777145133,0.0642065401442616
789,6.25e-05,0.07102618485662186,0.005027602541210366,0.024787969366388454,0.041210612949023055,0.5700469206214828,0.6292391757596177,1.0451974506375783,1.3972054072676112,0.0036042193609213844,0.06280059765249259,0.1867529761519376,0.107518911692213,0.03657342536679925,0.042660639092925313,2.3268417812627007,2.909897657165987,1.2110112746278634,1.6977905905886963,0.0037642364413559178,0.06410808346577877
790,6.25e-05,0.06943086343858171,0.00349991511112244,0.024787646007288434,0.041143302320170834,0.46717630994619985,0.525005726366134,1.0449824225523687,1.3972108236006584,0.003597666027414506,0.06273892981497355,0.18393433134010567,0.10481750350658074,0.036478703734754404,0.04263812409877052,2.306127748641303,2.8731095836768077,1.2097834286548874,1.69551044825405,0.003756588813257492,0.06406710759511372
791,3.125e-05,0.0676041701799767,0.0017098878307987948,0.024735812517697603,0.0411584698314803,0.2996485530777593,0.3669603114241883,1.0440972024848711,1.3957349536318477,0.003598156628426024,0.06274291931512398,0.18625347923192737,0.10716631361743832,0.03648794609745211,0.04259921951703693,2.3277675160702453,2.9051223722113906,1.2099051042487026,1.695734187557501,0.003758373193495037,0.06401361026394017
792,3.125e-05,0.06633045998366471,0.0005174764317102984,0.02472355528235018,0.04108942826960424,0.16712600967292138,0.20187408551856328,1.0438254682240604,1.3953890387201686,0.0035934059410070683,0.0626586739096865,0.18504380495721318,0.10601417725246332,0.036457594831206495,0.04257203287354334,2.313372848513117,2.889463804736269,1.209565015878247,1.6949823548912806,0.0037624157206589395,0.06398862100326376
793,3.125e-05,0.066188595400072,0.00041032674538706167,0.02469441810016775,0.04108385055451719,0.14603192706966198,0.17976295466024564,1.043695292900025,1.3945809929924478,0.0035983205786553917,0.06268742039161546,0.18248764721210647,0.10344029653588609,0.03648001670386882,0.042567333972351545,2.289064987603476,2.854172145189654,1.210009429459987,1.695475728992358,0.0037626114377029784,0.06397217966972706
794,3.125e-05,0.06604295276672782,0.0002978316715943092,0.024677918045848003,0.04106720304928551,0.12613512851933228,0.15315131300133197,1.0431288290054306,1.3941004133630241,0.003601413236962858,0.06263394965135165,0.18275595484456778,0.10371079627483212,0.036488655166336335,0.04255650340339929,2.291006149476485,2.8579015851165708,1.2101251769858845,1.6956873249429179,0.003760364061016305,0.06395041265513192
795,3.125e-05,0.06585272133457909,0.00023671197977950361,0.02461803982822092,0.04099796952657867,0.11026660296288918,0.13653544301963785,1.0421293840311734,1.3924080251570694,0.0035947098630145723,0.06260214594798007,0.18412734726945174,0.10511868775584772,0.03647403763253253,0.042534621881071454,2.301543898497408,2.87723444164185,1.2098315291728547,1.695364784457895,0.003758436776428934,0.06392345267710008
796,3.125e-05,0.06581834005535274,0.00020428680133858967,0.024628011098707398,0.04098604215530676,0.10145361550797959,0.12683976804976374,1.0422560108853463,1.3926899788905716,0.0035873837561925317,0.06256244010867261,0.1830762525869871,0.10407198614592454,0.0364788776478676,0.042525388793194924,2.2925188989733005,2.862873815410229,1.2098459997790687,1.6954976824766748,0.003756363398868121,0.06390609838693599
797,3.125e-05,0.06576903184142933,0.0001601395383243587,0.024640394392804233,0.04096849791030074,0.08949219447420936,0.11230124500677803,1.042665929530399,1.3930399693636064,0.003589034411960507,0.06252146173102402,0.18242031061902833,0.10345609849727375,0.036453911659282884,0.0425103004624717,2.2880637465608933,2.854390144349577,1.2095002889553828,1.6949011623516075,0.0037543811342511777,0.0638837573798267
798,3.125e-05,0.06578111823357283,0.0001649951683847187,0.02462758073661396,0.04098854232857415,0.09140332845298606,0.11399108787183636,1.0424127183427572,1.3926777194522766,0.003589540449632445,0.06256294054705382,0.1829459076303519,0.10402200582654283,0.03643371396219583,0.04249018784161325,2.2934028870886354,2.862186288743488,1.209182996061688,1.6944146381361402,0.0037532099929812684,0.06385992276044726
799,3.125e-05,0.06578104490474791,0.00014637520675060301,0.024643482233687345,0.04099118746430997,0.08382144160048308,0.10736656175092668,1.042922539397354,1.3931272733065982,0.003586442583837747,0.06255062610202979,0.18329683419592882,0.1044070601482481,0.036416004383506895,0.04247376966417379,2.297182501800868,2.867478818804453,1.2089072589864105,1.693993405638442,0.003752152527918598,0.0638401416563207
800,3.125e-05,0.06573206340125573,0.000150594441976898,0.024619834493419077,0.04096163446585976,0.08624382208687317,0.10890297821071276,1.042315374357269,1.3924586755483637,0.0035894823608233948,0.0625194280121401,0.18243577234323816,0.10357359919986485,0.03639731701495302,0.04246485612842026,2.2899798428004314,2.8560106272254777,1.2085831027432965,1.6935652014327118,0.0037505551660269466,0.06382820740749309
801,3.125e-05,0.0656442342861801,0.0001432488522066512,0.024570941406524976,0.04093004402744848,0.08323484773583108,0.10621377886031019,1.0411296512336192,1.3910895681470283,0.0035836079417969754,0.062491995675989044,0.1827443789772228,0.10387660073640169,0.036408926312140114,0.04245885192868098,2.292352851923243,2.8601851641269658,1.2086540753257609,1.6938488360852195,0.0037513547066324268,0.06381618988101125
802,3.125e-05,0.06560134246010525,0.00013184279602320638,0.024564253845184073,0.04090524581889798,0.0804420653753201,0.1018974902267714,1.0412782946658299,1.390885916343007,0.0035859262755715236,0.06245673697079595,0.182766781468684,0.1039253033427426,0.03639180516404053,0.04244967296190088,2.292733178330299,2.8608555853128244,1.2083726452674697,1.693451171861458,0.003751075008466559,0.06380534363340604
803,3.125e-05,0.06549407858771741,0.00012723866104623455,0.0245379112688205,0.04082892865785067,0.07865259862515461,0.10010247839454224,1.0407991195023865,1.3901399367972809,0.003582239929636796,0.06243410283052442,0.1822916247687503,0.10346465059244786,0.036385317521136905,0.04244165665516553,2.2889140496977833,2.854508119566659,1.2082351791317085,1.6933078205005612,0.003750190951609302,0.06379625341906943
804,3.125e-05,0.06550841647170863,0.0001297218190631505,0.024520593535366522,0.04085810111727895,0.08010178434858467,0.10107454617149798,1.0404175308542383,1.3896493059863826,0.0035784196502093926,0.062446370722210674,0.18275797901145846,0.10395905093739162,0.036371537170274755,0.042427390903792106,2.2934662096213145,2.8613200494865545,1.2079763132319226,1.6929914878569745,0.0037488559654354635,0.06378175751720612
805,3.125e-05,0.06553390036117253,0.00012510734492396673,0.024564798594935332,0.04084399442131323,0.07828381544768369,0.09926055261102262,1.0408730421252719,1.3909154697042818,0.0035799902600536,0.06242033301006993,0.1827458827973685,0.10396880084715618,0.0363593412439285,0.04241774070628382,2.2931546574496138,2.861454222300007,1.2077268968549557,1.6927158751202462,0.0037480696893187494,0.06377274703580078
806,3.125e-05,0.06554757943914603,0.00012687825161314953,0.024537436558146903,0.04088326462938598,0.07845949537417139,0.09996060539571192,1.040712200207979,1.3901264168598388,0.0035823670239766643,0.06244238626541067,0.18240271208445327,0.10364543947206688,0.036346781544625395,0.04241049106776096,2.2904111896964223,2.8570009424011116,1.2075235675315896,1.6924202320444288,0.003747113616720164,0.06376154913016696
807,1.5625e-05,0.06552626410505047,0.00011829500370893953,0.024505147167342884,0.040902821933998655,0.07566721250953393,0.09652026066364423,1.0398594836602908,1.3892114665795108,0.003581149758221774,0.062445875009796266,0.1821504621334404,0.10340784970174367,0.03634009304619295,0.04240251938550381,2.2882926575093756,2.8537244661054815,1.207402836725931,1.6922580637438138,0.0037466565628365162,0.06375016953324915
808,1.5625e-05,0.06552950510773814,0.00012562299743868081,0.024562483056144575,0.04084139905415488,0.07759347523988949,0.0994649024067399,1.0408894337303978,1.3908356721137076,0.0035790671874790635,0.06237237578998817,0.18220697865090438,0.10347731424257144,0.03633212584725098,0.04239753856108198,2.2888953417517697,2.8546828042810106,1.2072681472144993,1.6920735305365633,0.0037465034112663972,0.06374472751913773
809,1.5625e-05,0.06550656442208447,0.00013066723635578052,0.024520937389335935,0.040854959796392754,0.08029486483815862,0.1014421950005275,1.040541717037908,1.3896589555009708,0.003580926091088331,0.06241983237732114,0.18233222323553339,0.10360676482895256,0.036331915766942356,0.04239354263963844,2.2900751596443083,2.8564678567024875,1.2072193666787405,1.6920751130566773,0.003746452204243491,0.06374064910976662
810,1.5625e-05,0.06547092879982988,0.00011904816493035979,0.024471209866256612,0.04088067076864291,0.07618366429570333,0.09682703597784262,1.0394828418700786,1.3882491730262292,0.0035797111854322726,0.06242394669821022,0.1825064261787369,0.10379251863351997,0.036325364581578035,0.042388542963638885,2.2915560165677533,2.859027352522368,1.2070870352558838,1.691929039799502,0.003746111260292199,0.06373608038332404
811,1.5625e-05,0.06549194353335035,0.00011763321107462698,0.024540287458555243,0.040834022863720475,0.07567196532319803,0.09624989427059763,1.0402880507551289,1.3902071407867127,0.0035791398498157927,0.06238573504265138,0.18256474565656416,0.10386078198511063,0.03632005205053018,0.04238391162092334,2.292233233487746,2.859967375524218,1.2070093990057507,1.691804187015639,0.0037458461348631035,0.06372959999594634
812,1.5625e-05,0.06546346361806897,0.00011795692518339424,0.024483426095762272,0.04086208059712329,0.07572016302088207,0.09638223803570395,1.0394032799708446,1.3885956325447064,0.0035826557595911744,0.06239588975739364,0.1822847186542702,0.10359276742491101,0.03631242464767299,0.0423795265816862,2.2898661021915974,2.856274893992619,1.2068892475844468,1.6916237622546328,0.0037453528896720756,0.06372518489312243
813,1.5625e-05,0.06550658392650756,0.00011695880194058824,0.024499439606534352,0.040890185518032626,0.07519914349855245,0.09597359001276345,1.0399865023892423,1.3890496283041667,0.0035795031215914482,0.0624286001524072,0.1821653530952458,0.10348084577644792,0.0363094099685832,0.0423750973502147,2.288772039061003,2.8547315170066523,1.2068121033418022,1.6915554308838672,0.003745207692348704,0.06372064520187092
814,1.5625e-05,0.0653708387190557,0.00011846743504396757,0.02444271598665197,0.04080965529735977,0.0757581391447993,0.09659058086046722,1.0387434055608409,1.3874406716854593,0.003574136913854239,0.06237930114593125,0.182288863352989,0.10361861154790514,0.03630076578673551,0.04236948601834837,2.290090610262335,2.8566311607421238,1.206662387109532,1.6913553409956181,0.0037450186978832314,0.0637153522152234
815,1.5625e-05,0.06540739164593563,0.00011722426642555573,0.02447163870737266,0.04081852867213743,0.075192191950736,0.09608244518111893,1.0393883468471286,1.3882612528984564,0.0035777069502050335,0.06234473046950004,0.18243711962603507,0.10378030579100829,0.03629359237313907,0.042363221461887694,2.291545641690645,2.8588591425264895,1.2065261960713425,1.6911868026640748,0.0037448980566967146,0.06370932132293208
816,1.5625e-05,0.06533579794357859,0.00012165945765331036,0.024464570787231726,0.04074956769869354,0.07654870283492603,0.09788321445573865,1.0391175632941467,1.3880607454427165,0.0035729720044839794,0.06231822510640001,0.18232260876567927,0.10366874256465924,0.03629459482805865,0.042359271372961374,2.290767095615859,2.8573221008493066,1.206508257614124,1.6912119754870805,0.003744475908781443,0.06370473886558918
817,1.5625e-05,0.0652924708824028,0.00011671711318179651,0.024455563675910966,0.04072019009331004,0.07504491292853163,0.09587437673456421,1.0388348627929356,1.3878051883843594,0.0035684330559619267,0.062286340921440655,0.18218144547917342,0.10353824122858128,0.03628796477550637,0.04235523947508576,2.289525964219319,2.855523092928595,1.2063844828807164,1.691061874569828,0.0037439700475630534,0.06370105457970299
818,1.5625e-05,0.06531699083592656,0.00011822102460890301,0.02440824481413155,0.0407905249971861,0.07535469058957805,0.09649007511944308,1.0382507540572132,1.3864619124393784,0.003576156357294681,0.06231603425937109,0.18213768469840622,0.10350594205195013,0.0362799551143697,0.0423517875320864,2.289260967183238,2.8550776621488967,1.2062575687182315,1.690876245017193,0.0037434269413583717,0.06369734070440647
819,1.5625e-05,0.06532067597074183,0.00011834023694485804,0.024422009556738452,0.04078032617705852,0.07597355100074422,0.096538712436709,1.0382976577574623,1.3868527797346137,0.0035748519903925496,0.062322276159865346,0.1820443356049297,0.1034275425241723,0.0362694208256928,0.04234737225506458,2.2885268352787898,2.8539961824990905,1.2060953968778327,1.6906292638273757,0.0037429213492122058,0.06369285306103187
820,1.5625e-05,0.06538314241457048,0.00012301498527974778,0.024454105405081528,0.04080602202420921,0.07728723626960557,0.09842701047173419,1.0391343210642556,1.3877637559635096,0.003571266304752207,0.06235808843593287,0.18220548947484722,0.10359621536298248,0.03626680466624706,0.04234246944561768,2.290099631813978,2.8563224271203107,1.2060446864745362,1.690571213733884,0.0037430763901286556,0.06368667313315254
821,1.5625e-05,0.06530187994610584,0.00012078692025262076,0.02438709058958929,0.04079400243626393,0.07673766618781346,0.09753157533017334,1.0375557829890576,1.385860940339216,0.0035740458013441764,0.06233134909079207,0.18227883565778416,0.10367480381700697,0.0362655590787736,0.04233847276200357,2.2905856849739963,2.857405629865659,1.2059960971508707,1.6905457939051718,0.003743019047434573,0.06368271903873889
822,1.5625e-05,0.06537850137689417,0.0001226079949405924,0.024458936151142547,0.040796957230811046,0.07794011577164159,0.09826405459882256,1.0391963724218505,1.3879007940656656,0.003579866511135997,0.06233748943060617,0.1823107921734978,0.10371675524382536,0.036259509706334965,0.042334527223337456,2.291070372878963,2.857983687966521,1.2058878280183567,1.6904064038905204,0.0037428028485132817,0.0636783608196576
823,7.8125e-06,0.06525802458748618,0.00012417927157760584,0.024372090786021528,0.040761754529887034,0.07800181852305359,0.09889169915011502,1.037405859135103,1.3854346628650145,0.003574924323076467,0.06228501381304553,0.1822114351912757,0.10362644986353028,0.03625442533557424,0.04233055999217115,2.2902876087160404,2.856739204808169,1.2057867886357436,1.6902887577774777,0.00374210034970481,0.06367415744559049
824,7.8125e-06,0.06536909700445302,0.00011595096134341012,0.024460773859877605,0.04079237218323201,0.07493629786777871,0.09555919044071279,1.0385326046158396,1.3879668419109432,0.0035738716575046702,0.06233673506447222,0.1821400814702973,0.10356058049152131,0.03625099171964127,0.042328509259134714,2.2896046901105804,2.8558311281098274,1.2057164645736753,1.690208968865968,0.00374193344011871,0.0636723923226489
825,7.8125e-06,0.06538613924213076,0.00011615509088908895,0.024454837909289973,0.04081514624195169,0.07482791780327755,0.09564326855508967,1.0385077766260875,1.3877984104851362,0.003580259881765713,0.0623801089259985,0.18205122087976125,0.10348034288646299,0.036245065472073824,0.04232581252122444,2.288757851580021,2.8547245803796244,1.2055986323821222,1.6900694274644663,0.0037416296774128994,0.06367075118599397
